Timestamp,Duration(s)
1495552203,6073
1495552803,5956
1495553403,6015
1495554003,6143
1495554603,6202
1495555205,6537
1495555803,6468
1495556403,6414
1495557004,6360
1495557603,6143
1495558203,6058
1495558803,6167
1495559404,6243
1495560603,6265
1495561204,6227
1495561803,6340
1495562402,6274
1495563003,6320
1495563603,6312
1495564203,6332
1495564802,6377
1495565402,6474
1495566002,6447
1495566603,6660
1495567202,6907
1495567802,6632
1495568402,6641
1495569002,6998
1495569602,6925
1495570202,7051
1495570803,7195
1495571404,7669
1495572002,7503
1495572603,7372
1495573204,7496
1495573802,7271
1495574402,7186
1495575001,7089
1495575602,6972
1495576203,6898
1495576803,6750
1495577403,6697
1495578003,6576
1495578602,6365
1495579202,6404
1495579803,6113
1495580403,6025
1495581003,5825
1495581603,5729
1495582202,5664
1495582803,5560
1495583403,5604
1495584003,5446
1495584603,5523
1495585203,5442
1495585803,5378
1495586403,5458
1495587002,5464
1495587604,5408
1495588203,5426
1495588804,5412
1495589404,5343
1495590004,5380
1495590603,5385
1495591203,5464
1495591804,5445
1495592402,5392
1495593003,5428
1495593603,5359
1495594204,5425
1495594803,5350
1495595403,5414
1495596002,5354
1495596604,5807
1495597202,5554
1495597804,5490
1495598403,5516
1495599004,5497
1495599602,5421
1495600203,5544
1495600802,5493
1495601402,5467
1495602004,5499
1495602602,5509
1495603203,5487
1495603804,5436
1495604403,5402
1495605004,5353
1495605603,5367
1495606204,5383
1495606803,5453
1495607404,5423
1495608004,5300
1495608603,5417
1495609204,5402
1495609804,5332
1495610404,5535
1495611003,5437
1495611604,5311
1495612203,5351
1495612803,5327
1495613404,5215
1495614003,5219
1495614604,5246
1495615203,5337
1495615803,5341
1495616403,5288
1495617003,5295
1495617603,5322
1495618204,5347
1495618804,5216
1495619403,5298
1495620003,5250
1495620603,5205
1495621203,5227
1495621804,5287
1495622403,5256
1495623003,5381
1495623602,5462
1495624203,5530
1495624802,5734
1495625403,5803
1495626002,5855
1495626602,5789
1495627202,5853
1495627803,5856
1495628402,6224
1495629002,5927
1495629603,6068
1495630203,6100
1495630804,6084
1495631402,6296
1495632003,5987
1495632604,6101
1495633203,6126
1495633803,6081
1495634404,6030
1495635003,5929
1495635603,5989
1495636204,5937
1495636803,6071
1495637403,5968
1495638004,6041
1495638603,5975
1495639803,6070
1495640402,6096
1495641002,6185
1495641604,6057
1495642203,6166
1495642803,6152
1495643404,6163
1495644003,5936
1495644604,6126
1495645202,6083
1495645802,6218
1495646403,6201
1495647003,5997
1495647602,5978
1495648202,5921
1495648803,5995
1495649403,6176
1495650002,6337
1495650602,6219
1495651203,6347
1495651803,6419
1495652403,6533
1495653003,6673
1495653602,6858
1495654203,7131
1495654803,6972
1495655402,6900
1495656002,7194
1495656603,7390
1495657202,7455
1495657803,7535
1495658402,7558
1495659002,7636
1495659602,7619
1495660202,7700
1495660802,7735
1495661404,7621
1495662002,7361
1495662603,7521
1495663203,7202
1495663802,7044
1495664402,6919
1495665003,6613
1495665602,6648
1495666202,6515
1495666803,6577
1495667403,6398
1495668003,6064
1495668603,5943
1495669203,5860
1495669803,5774
1495670402,5690
1495671003,5648
1495671602,5629
1495672204,5725
1495672802,5720
1495673402,5571
1495674003,5564
1495674602,5568
1495675203,5670
1495675803,5619
1495676403,5452
1495677003,5441
1495677603,5454
1495678203,5502
1495678804,5531
1495679402,5454
1495680003,5537
1495680603,5491
1495681203,5464
1495681802,5451
1495682403,5303
1495683003,5355
1495683602,5312
1495684202,5283
1495684802,5289
1495685403,5181
1495686003,5175
1495686604,5171
1495687203,5276
1495687803,5241
1495688403,5229
1495689003,5395
1495689603,5292
1495690204,5301
1495690803,5262
1495691404,5319
1495692002,5271
1495692603,5257
1495693203,5216
1495693805,5200
1495694403,5194
1495695003,5174
1495695602,5179
1495696204,5183
1495696802,5189
1495697404,5165
1495698003,5187
1495698603,5219
1495699204,5202
1495699803,5177
1495700403,5191
1495701003,5124
1495701603,5103
1495702204,5154
1495702803,5142
1495703403,5186
1495704003,5173
1495704602,5197
1495705202,5240
1495705804,5315
1495706403,5281
1495707002,5381
1495707604,5307
1495708202,5350
1495708804,5520
1495709402,5447
1495710003,5409
1495710602,5542
1495711203,5821
1495711804,5682
1495712402,5994
1495713003,5946
1495713604,6011
1495714203,6134
1495714803,6254
1495715403,6419
1495716003,6334
1495716603,6617
1495717203,6770
1495717803,6860
1495718402,6729
1495719002,6539
1495719603,6645
1495720203,6450
1495720802,6413
1495721403,6374
1495722003,6467
1495722603,6443
1495723203,6388
1495723803,6312
1495724403,6241
1495725003,6349
1495725603,6332
1495726203,6331
1495726803,6317
1495727403,6361
1495728002,6348
1495728603,6296
1495729203,6360
1495729803,6260
1495730402,6358
1495731002,6317
1495731603,6447
1495732202,6408
1495732802,6515
1495733402,6325
1495734003,6444
1495734603,6548
1495735202,6532
1495735803,6605
1495736402,7140
1495737003,6807
1495737603,6873
1495738202,7254
1495738803,7053
1495739403,7873
1495740003,7915
1495740602,7952
1495741202,8037
1495741802,8140
1495742403,8285
1495743003,7915
1495743602,7758
1495744202,7939
1495744803,8143
1495745402,8002
1495746003,8083
1495746602,8070
1495747203,7997
1495747802,7787
1495748403,7859
1495749003,7742
1495749603,7500
1495750203,7355
1495750802,6940
1495751402,7136
1495752002,6842
1495752602,6660
1495753203,6423
1495753803,6511
1495754402,6502
1495755003,6319
1495755602,6126
1495756202,6059
1495756802,6044
1495757403,5898
1495758003,5901
1495758603,5920
1495759203,5904
1495759802,5853
1495760403,5706
1495761003,5734
1495761604,5617
1495762202,5564
1495762803,5569
1495763403,5504
1495764003,5459
1495764602,5526
1495765202,5447
1495765803,5535
1495766403,5479
1495767003,5715
1495767603,5494
1495768203,5464
1495768802,5537
1495769403,5557
1495770003,5507
1495770603,5642
1495771203,5601
1495771802,5617
1495772402,5601
1495773003,5553
1495773602,5442
1495774203,5325
1495774803,5343
1495775402,5306
1495776003,5367
1495776603,5350
1495777202,5344
1495777803,5323
1495778403,5337
1495779004,5314
1495779603,5384
1495780203,5289
1495780803,5324
1495781403,5368
1495782003,5338
1495782603,5285
1495783203,5279
1495783803,5257
1495784403,5304
1495785002,5265
1495785604,5314
1495786203,5304
1495786804,5331
1495787403,5326
1495788003,5355
1495788603,5392
1495789204,5336
1495789803,5354
1495790402,5271
1495791004,5305
1495791603,5376
1495792204,5489
1495792803,5455
1495793403,5338
1495794003,5348
1495794602,5324
1495795204,5303
1495795803,5388
1495796404,5425
1495797003,5411
1495797604,5484
1495798202,5496
1495798803,5496
1495799402,5577
1495800004,5624
1495800603,5714
1495801203,5667
1495801804,5910
1495802403,5884
1495803002,6128
1495803603,5887
1495804202,5776
1495804803,5842
1495805402,5875
1495806003,5815
1495806603,5673
1495807203,5740
1495807803,5822
1495808403,5823
1495809005,5942
1495809602,5920
1495810203,5915
1495810803,6033
1495811403,6287
1495812002,6228
1495812602,6128
1495813202,6304
1495813802,6220
1495814403,6252
1495815003,6268
1495815603,6519
1495816202,6958
1495816803,6544
1495817402,6684
1495818004,6515
1495818602,6833
1495819202,6997
1495819802,6937
1495820402,6868
1495821002,7212
1495821602,7067
1495822202,7249
1495822802,7009
1495823402,7071
1495824002,7284
1495824602,7498
1495825202,7586
1495825802,8074
1495826402,8413
1495827002,8329
1495827602,8235
1495828202,8174
1495828801,8593
1495829402,8723
1495830002,8266
1495830602,8443
1495831202,8545
1495831802,8172
1495832403,8123
1495833002,8000
1495833602,7961
1495834203,7937
1495834803,7713
1495835402,7517
1495836003,7665
1495836603,7941
1495837203,7571
1495837802,7488
1495838403,7443
1495839002,7048
1495839603,6958
1495840203,6900
1495840803,6534
1495841403,6332
1495842002,6278
1495842603,6533
1495843203,6501
1495843802,6255
1495844403,6026
1495845003,6107
1495845603,6111
1495846203,5966
1495846803,5816
1495847402,5741
1495848002,5658
1495848603,5634
1495849203,5656
1495849803,5674
1495850404,5584
1495851003,5596
1495851602,5774
1495852203,5611
1495852803,5569
1495853403,5602
1495854003,5638
1495854603,5563
1495855203,5799
1495855803,5634
1495856403,5465
1495857003,5446
1495857603,5527
1495858204,5375
1495858803,5192
1495859404,5149
1495860004,5222
1495860604,5179
1495861203,5178
1495861804,5171
1495862402,5178
1495863004,5239
1495863604,5183
1495864203,5225
1495864804,5217
1495865403,5246
1495866004,5257
1495866603,5222
1495867204,5171
1495867802,5219
1495868404,5270
1495869003,5283
1495869603,5294
1495870203,5285
1495870803,5240
1495871403,5197
1495872004,5230
1495872604,5198
1495873203,5168
1495873804,5145
1495874404,5125
1495875004,5128
1495875604,5117
1495876203,5060
1495876803,5087
1495877404,5048
1495878003,5042
1495878603,5036
1495879203,5027
1495879802,5043
1495880403,4964
1495881004,5136
1495881603,5059
1495882202,5113
1495882803,5071
1495883403,5098
1495884003,5185
1495884603,5214
1495885203,5186
1495885803,5195
1495886403,5179
1495887002,5301
1495887604,5341
1495888202,5434
1495888803,5525
1495889402,5488
1495890003,5539
1495890603,5513
1495891202,5551
1495891803,5638
1495892404,5703
1495893002,5797
1495893603,6061
1495894203,5891
1495894802,6087
1495895403,6050
1495896002,6230
1495896603,6331
1495897203,6408
1495897803,6588
1495898404,6447
1495899002,6703
1495899602,6511
1495900203,6403
1495900803,6578
1495901403,6384
1495902003,6682
1495902602,6616
1495903203,6532
1495903802,6575
1495904403,6439
1495905003,6459
1495905603,6556
1495906203,6480
1495906802,6566
1495907402,6522
1495908003,6453
1495908603,6357
1495909202,6437
1495909802,6360
1495910404,6449
1495911002,6528
1495911603,6462
1495912203,6533
1495912803,6419
1495913404,6353
1495914002,6302
1495914603,6192
1495915203,6272
1495915803,6293
1495916403,6174
1495917004,6143
1495917603,6025
1495918202,5924
1495918803,5904
1495919403,5873
1495920003,5922
1495920603,6026
1495921202,5870
1495921802,5752
1495922404,5705
1495923003,5655
1495923603,5600
1495924204,5605
1495924803,5583
1495925403,5589
1495926004,5551
1495926604,5442
1495927203,5521
1495927804,5542
1495928402,5423
1495929003,5436
1495929602,5443
1495930203,5410
1495930802,5378
1495931403,5346
1495932003,5551
1495932604,5449
1495933202,5397
1495933803,5432
1495934402,5469
1495935003,5443
1495935603,5428
1495936204,5451
1495936802,5456
1495937403,5465
1495938003,5493
1495938603,5471
1495939202,5421
1495939803,5392
1495940403,5324
1495941003,5327
1495941602,5363
1495942204,5383
1495942802,5366
1495943402,5364
1495944002,5452
1495944604,5365
1495945203,5424
1495945804,5415
1495946402,5357
1495947003,5176
1495947603,5209
1495948202,5199
1495948803,5156
1495949404,5155
1495950002,5140
1495950603,5183
1495951204,5228
1495951802,5186
1495952403,5192
1495953004,5202
1495953603,5155
1495954202,5176
1495954802,5173
1495955404,5125
1495956003,5175
1495956602,5211
1495957203,5215
1495957803,5183
1495958402,5181
1495959003,5179
1495959603,5152
1495960203,5144
1495960804,5110
1495961403,5112
1495962003,5000
1495962602,4961
1495963204,4943
1495963802,4903
1495964403,4919
1495965003,4883
1495965603,4875
1495966202,4943
1495966802,4925
1495967404,4947
1495968002,4927
1495968603,4982
1495969203,4990
1495969803,5021
1495970403,5054
1495971003,5005
1495971602,5008
1495972203,5124
1495972803,5097
1495973404,5167
1495974002,5124
1495974602,5121
1495975203,5135
1495975803,5170
1495976404,5154
1495977002,5150
1495977603,5185
1495978204,5297
1495978803,5334
1495979402,5321
1495980003,5313
1495980604,5420
1495981203,5423
1495981804,5529
1495982403,5580
1495983003,5547
1495983604,5557
1495984203,5605
1495984803,5681
1495985403,5757
1495986004,5821
1495986604,5864
1495987204,6059
1495987804,6111
1495988403,5875
1495989003,5822
1495989603,5756
1495990204,5854
1495990802,5876
1495991403,5816
1495992002,5909
1495992603,5954
1495993202,6002
1495993802,5953
1495994403,6024
1495995003,6141
1495995602,6056
1495996203,6129
1495996803,6088
1495997402,5909
1495998003,5713
1495998603,5623
1495999202,5701
1495999804,5725
1496000402,5715
1496001003,5796
1496001603,5717
1496002203,5624
1496002802,5700
1496003403,5743
1496004003,5665
1496004603,5668
1496005202,5669
1496005803,5663
1496006403,5630
1496007002,5620
1496007604,5571
1496008202,5575
1496008803,5457
1496009403,5562
1496010003,5481
1496010602,5454
1496011204,5609
1496011804,5500
1496012404,5493
1496013004,5462
1496013603,5457
1496014205,5416
1496014803,5444
1496015403,5477
1496016003,5485
1496016603,5414
1496017204,5395
1496017804,5422
1496018404,5376
1496019003,5446
1496019604,5359
1496020202,5370
1496020804,5368
1496021404,5308
1496022003,5312
1496022603,5342
1496023204,5389
1496023803,5406
1496024404,5358
1496025004,5419
1496025604,5392
1496026202,5351
1496026802,5339
1496027403,5309
1496028003,5273
1496028604,5304
1496029202,5351
1496029803,5353
1496030403,5377
1496031003,5411
1496031603,5408
1496032204,5315
1496032803,5202
1496033404,5151
1496034004,5176
1496034603,5086
1496035204,5107
1496035804,5134
1496036404,5113
1496037003,5119
1496037603,5162
1496038204,5115
1496038804,5166
1496039405,5110
1496040003,5129
1496040604,5160
1496041203,5178
1496041804,5302
1496042404,5224
1496043003,5185
1496043603,5173
1496044203,5195
1496044803,5116
1496045404,5070
1496046004,5109
1496046604,5117
1496047203,5142
1496047803,5139
1496048403,5162
1496049003,5168
1496049603,5140
1496050204,5190
1496050803,5181
1496051403,5150
1496052004,5165
1496052603,5193
1496053203,5186
1496053804,5215
1496054402,5234
1496055003,5236
1496055604,5257
1496056203,5303
1496056803,5375
1496057402,5353
1496058003,5300
1496058603,5291
1496059203,5170
1496059803,5191
1496060402,5241
1496061003,5188
1496061602,5213
1496062203,5252
1496062803,5216
1496063403,5247
1496064003,5259
1496064602,5332
1496065203,5275
1496065803,5252
1496066404,5322
1496067003,5398
1496067604,5345
1496068203,5409
1496068802,5458
1496069403,5429
1496070004,5450
1496070604,5502
1496071203,5540
1496071803,5515
1496072404,5546
1496073003,5529
1496073604,5543
1496074203,5523
1496074804,5525
1496075403,5574
1496076003,5580
1496076604,5619
1496077203,5536
1496077804,5536
1496078403,5508
1496079004,5575
1496079603,5562
1496080203,5573
1496080804,5627
1496081404,5578
1496082004,5572
1496082605,5519
1496083204,5438
1496083803,5421
1496084404,5422
1496085003,5463
1496085604,5594
1496086203,5635
1496086802,5579
1496087404,5574
1496088002,5583
1496088603,5671
1496089203,5547
1496089802,5682
1496090402,5590
1496091004,5552
1496091604,5541
1496092202,5506
1496092802,5514
1496093404,5464
1496094004,5409
1496094602,5357
1496095204,5398
1496095804,5319
1496096403,5272
1496097004,5227
1496097604,5285
1496098203,5312
1496098804,5316
1496099403,5288
1496100003,5249
1496100604,5249
1496101204,5242
1496101803,5239
1496102404,5227
1496103003,5274
1496103604,5261
1496104205,5295
1496104803,5313
1496105403,5322
1496106005,5241
1496106604,5259
1496107204,5252
1496107803,5248
1496108403,5238
1496109005,5286
1496109602,5225
1496110203,5327
1496110803,5240
1496111404,5199
1496112002,5232
1496112604,5189
1496113202,5295
1496113802,5257
1496114403,5175
1496115003,5186
1496115602,5183
1496116203,5226
1496116804,5294
1496117402,5259
1496118004,5274
1496118602,5292
1496119204,5185
1496119804,5178
1496120405,5235
1496121004,5141
1496121604,5222
1496122205,5159
1496122803,5173
1496123404,5213
1496124003,5213
1496124604,5274
1496125204,5246
1496125804,5247
1496126403,5285
1496127004,5267
1496127604,5259
1496128204,5227
1496128804,5247
1496129405,5238
1496130004,5184
1496130603,5202
1496131205,5208
1496131804,5232
1496132404,5214
1496133005,5239
1496133603,5192
1496134204,5095
1496134803,5097
1496135403,5243
1496136003,5215
1496136605,5138
1496137203,5140
1496137802,5138
1496138405,5160
1496139003,5235
1496139604,5187
1496140203,5240
1496140803,5294
1496141403,5356
1496142002,5467
1496142603,5678
1496143203,5815
1496143802,5711
1496144403,5775
1496145002,6183
1496145603,6053
1496146202,5897
1496146804,6212
1496147402,6324
1496148003,6294
1496148602,6246
1496149204,6242
1496149803,6356
1496150403,6478
1496151002,6453
1496151603,6296
1496152202,6243
1496152804,6201
1496153403,6111
1496154003,5973
1496154602,6069
1496155203,6157
1496155803,6243
1496156403,6190
1496157003,6088
1496157603,6145
1496158203,6097
1496158802,6080
1496159404,6069
1496160002,5985
1496160603,6041
1496161204,6069
1496161803,6115
1496162404,6129
1496163002,6129
1496163604,6203
1496164202,6306
1496164803,6243
1496165402,6285
1496166003,6403
1496166603,6368
1496167204,6457
1496167802,6300
1496168402,6549
1496169002,6449
1496169603,6629
1496170202,6665
1496170803,6665
1496171402,6753
1496172004,6865
1496172602,6945
1496173202,7781
1496173801,7697
1496174403,7355
1496175003,7652
1496175602,7605
1496176203,7915
1496176803,7475
1496177402,7508
1496178003,7528
1496178604,7526
1496179202,7610
1496179804,6956
1496180403,7344
1496181002,7325
1496181603,7070
1496182202,6885
1496182803,6745
1496183403,6572
1496184002,6044
1496184603,5950
1496185203,5957
1496185803,5769
1496186403,5767
1496187003,5657
1496187604,5623
1496188202,5547
1496188803,5520
1496189403,5515
1496190004,5502
1496190605,5413
1496191203,5444
1496191805,5465
1496192403,5413
1496193004,5377
1496193603,5441
1496194204,5376
1496194803,5482
1496195403,5474
1496196003,5559
1496196604,5355
1496197203,5474
1496197804,5562
1496198402,5484
1496199002,5618
1496199604,5503
1496200203,5733
1496200803,5531
1496201403,5546
1496202002,5498
1496202603,5388
1496203203,5579
1496203803,5324
1496204403,5465
1496205005,5431
1496205602,5408
1496206203,5373
1496206804,5356
1496207403,5362
1496208003,5434
1496208603,5341
1496209204,5376
1496209804,5351
1496211003,5337
1496211603,5347
1496212204,5374
1496212804,5238
1496213403,5303
1496214004,5245
1496214603,5386
1496215204,5326
1496215804,5455
1496216403,5379
1496217003,5467
1496217605,5385
1496218204,5439
1496218803,5383
1496219404,5351
1496220004,5349
1496220604,5301
1496221204,5246
1496221804,5214
1496222403,5285
1496223004,5255
1496223602,5280
1496224203,5331
1496224802,5383
1496225404,5308
1496226004,5301
1496226603,5363
1496227203,5367
1496227802,5492
1496228404,5600
1496229002,5830
1496229603,5821
1496230203,5842
1496230802,5824
1496231403,5887
1496232005,5707
1496232602,5866
1496233203,5934
1496233802,5964
1496234402,6034
1496235003,6136
1496235602,6057
1496236203,6083
1496236803,6094
1496237404,5998
1496238002,6109
1496238602,5914
1496239204,6092
1496239803,6065
1496240403,6152
1496241004,6068
1496241603,6054
1496242204,6139
1496242802,5725
1496243403,5745
1496244005,5827
1496244603,6042
1496245204,5895
1496245805,6082
1496246403,6371
1496247004,6186
1496247603,5951
1496248204,6134
1496248803,6014
1496249404,5961
1496250002,5827
1496250603,5986
1496251202,5975
1496251803,6120
1496252402,6128
1496253004,6072
1496253602,6064
1496254204,6006
1496255404,6188
1496256002,6204
1496256603,6215
1496257203,6220
1496257802,6547
1496258403,6685
1496259002,7255
1496259602,7372
1496260203,7450
1496260802,7218
1496261403,7317
1496262002,7348
1496262603,7095
1496263201,6969
1496263802,6995
1496264402,6820
1496265003,6834
1496265602,7032
1496266203,6743
1496266803,6819
1496267402,6585
1496268003,6392
1496268603,6310
1496269203,6226
1496269802,6268
1496270402,6040
1496271002,5912
1496271603,5801
1496272203,5774
1496272802,5792
1496273404,5654
1496274003,5486
1496274604,5421
1496275203,5420
1496275804,5405
1496276404,5423
1496277003,5426
1496277604,5355
1496278203,5489
1496278802,5396
1496279402,5432
1496280005,5447
1496280604,5395
1496281203,5504
1496281804,5491
1496282403,5481
1496283003,5550
1496283604,5536
1496284205,5371
1496284802,5532
1496285403,5488
1496286002,5529
1496286604,5461
1496287203,5355
1496287803,5426
1496288403,5353
1496289003,5330
1496289604,5495
1496290204,5388
1496290802,5525
1496291405,5449
1496292003,5413
1496292604,5421
1496293204,5449
1496293804,5364
1496294404,5284
1496295003,5420
1496295602,5387
1496296204,5286
1496296805,5405
1496297404,5396
1496298004,5241
1496298604,5368
1496299204,5261
1496299804,5257
1496300404,5209
1496301004,5252
1496301603,5232
1496302204,5241
1496302805,5237
1496303404,5262
1496304003,5216
1496304604,5256
1496305202,5334
1496305805,5285
1496306404,5262
1496307003,5240
1496307603,5135
1496308203,5122
1496308803,5134
1496309405,5150
1496310003,5186
1496310603,5285
1496311203,5153
1496311803,5168
1496312403,5203
1496313003,5172
1496313602,5217
1496314203,5340
1496314804,5519
1496315404,5566
1496316002,5625
1496316603,5832
1496317204,5805
1496317802,5777
1496318403,5792
1496319002,5998
1496319603,5864
1496320203,5948
1496320803,5859
1496321402,6190
1496322004,5976
1496322603,6112
1496323203,6135
1496323804,5980
1496324402,6073
1496325003,6022
1496325602,5863
1496326204,5970
1496326803,5839
1496327403,5934
1496329802,6010
1496331603,5958
1496332805,6018
1496333403,6023
1496334003,5932
1496334603,5929
1496335202,5932
1496335802,5808
1496336404,5817
1496337002,5904
1496337602,5969
1496338202,5985
1496338802,6023
1496339403,6192
1496340002,6271
1496340603,6309
1496341202,6383
1496341801,6619
1496342402,6649
1496343003,6907
1496343603,6759
1496344202,6706
1496344803,6733
1496345403,6855
1496346003,7170
1496346603,7360
1496347202,7324
1496347802,7535
1496348402,7640
1496349002,7549
1496349603,7598
1496350201,7627
1496350803,7625
1496351402,7535
1496352003,7657
1496352603,7443
1496353202,7226
1496353803,7245
1496354402,7235
1496355003,7142
1496355602,6861
1496356203,6747
1496356802,6557
1496357402,6274
1496358003,6167
1496358603,6194
1496359203,5968
1496359802,5957
1496360403,5821
1496361004,5704
1496361602,5613
1496362202,5502
1496362803,5623
1496363405,5530
1496364003,5531
1496364603,5451
1496365202,5525
1496365804,5528
1496366404,5457
1496367004,5473
1496367604,5393
1496368203,5337
1496368804,5449
1496369403,5402
1496370004,5487
1496370602,5358
1496371204,5442
1496371802,5516
1496372404,5533
1496373003,5461
1496373603,5531
1496374203,5528
1496374802,5562
1496375404,5551
1496376003,5464
1496377202,5443
1496377804,5624
1496378404,5475
1496379004,5423
1496379603,5427
1496380204,5455
1496380804,5373
1496381403,5351
1496382003,5435
1496382604,5439
1496383204,5286
1496383803,5300
1496384405,5434
1496385005,5396
1496385603,5349
1496386205,5273
1496386804,5211
1496387404,5333
1496388005,5307
1496388603,5210
1496389204,5207
1496389804,5166
1496390404,5255
1496391003,5224
1496391605,5209
1496392203,5197
1496392804,5357
1496393403,5283
1496394003,5280
1496394602,5263
1496395202,5198
1496395804,5200
1496396403,5257
1496397002,5298
1496397604,5270
1496398203,5264
1496398803,5262
1496399404,5301
1496400004,5385
1496400602,5511
1496401203,5615
1496401803,5721
1496402403,5826
1496403004,5803
1496403602,5912
1496404203,6153
1496404803,5988
1496405403,5960
1496406003,6007
1496406604,6327
1496407203,6165
1496407803,6161
1496408405,6207
1496409003,6027
1496409602,6362
1496410203,6126
1496410802,6094
1496411403,6104
1496412004,6016
1496412602,6098
1496413203,5985
1496413804,5946
1496414403,6118
1496415003,6466
1496415603,6332
1496416204,6425
1496416804,6393
1496417403,6374
1496418004,6264
1496418604,6340
1496419202,6250
1496419804,6455
1496420402,6577
1496421003,6399
1496421602,6446
1496422202,6535
1496422802,6582
1496423402,6553
1496424002,6715
1496424604,6519
1496425203,6652
1496425803,6696
1496426402,6825
1496427003,7011
1496427602,7124
1496428203,7202
1496428803,7396
1496429403,7523
1496430003,7600
1496430603,7884
1496431202,7621
1496431803,7781
1496432403,8152
1496433002,8316
1496433603,8105
1496434202,8316
1496434803,8266
1496435403,8436
1496436003,8404
1496436602,8384
1496437203,8296
1496437802,8142
1496438402,7961
1496439001,8220
1496439603,7808
1496440202,7983
1496440804,7353
1496441403,7384
1496442004,7168
1496442603,7173
1496443202,6940
1496443803,6634
1496444403,6696
1496445002,6608
1496445603,6454
1496446203,6235
1496446803,6098
1496447402,6027
1496448003,5911
1496448603,6032
1496449203,6077
1496449804,5884
1496450402,5803
1496451003,5803
1496451604,5628
1496452202,5727
1496452804,5596
1496453404,5542
1496454004,5521
1496454602,5509
1496455204,5455
1496455804,5665
1496456403,5530
1496457003,5716
1496457602,5604
1496458204,5564
1496458802,5593
1496459403,5583
1496460003,5627
1496460602,5652
1496461203,5669
1496461802,5596
1496462404,5514
1496463003,5392
1496463604,5395
1496464203,5373
1496464804,5331
1496465403,5339
1496466004,5180
1496466604,5183
1496467203,5212
1496467804,5182
1496468403,5261
1496469003,5226
1496469604,5310
1496470203,5407
1496470804,5341
1496471404,5302
1496472002,5298
1496472603,5253
1496473205,5317
1496473805,5259
1496474403,5253
1496475005,5261
1496475604,5241
1496476203,5221
1496476804,5205
1496477403,5311
1496478003,5320
1496478603,5261
1496479202,5200
1496479804,5237
1496480404,5173
1496481003,5154
1496481603,5088
1496482203,5079
1496482803,5075
1496483403,4988
1496484002,4977
1496484604,5048
1496485204,4994
1496485802,5001
1496486404,5047
1496487003,5006
1496487602,5069
1496488202,5094
1496488804,5122
1496489403,5338
1496490003,5356
1496490603,5328
1496491204,5368
1496491803,5303
1496492403,5418
1496493003,5510
1496493602,5468
1496494203,5433
1496494803,5488
1496495403,5617
1496496004,5755
1496496603,5811
1496497202,5850
1496497804,5881
1496498403,5895
1496499003,6063
1496499602,5836
1496500203,5807
1496500802,5759
1496501403,5874
1496502004,6046
1496502602,5969
1496503203,6030
1496503802,6060
1496504403,6008
1496505003,6032
1496505604,5989
1496506202,5998
1496506803,6204
1496507402,6158
1496508003,6125
1496508603,6172
1496509205,6055
1496509803,6276
1496510404,6205
1496511002,6317
1496511603,6430
1496512203,6394
1496512803,6396
1496513403,6508
1496514002,6520
1496514602,6511
1496515202,6507
1496515802,6529
1496516403,6402
1496517003,6440
1496517603,6511
1496518203,6541
1496518802,6547
1496519403,6749
1496520002,6689
1496520603,6751
1496521202,6628
1496521804,6626
1496522402,6543
1496523003,6252
1496523604,6460
1496524203,6320
1496524803,6469
1496525403,6309
1496526003,6193
1496526603,6319
1496527202,6106
1496527802,6033
1496528402,6131
1496529003,6169
1496529603,6063
1496530203,6140
1496530804,6109
1496531403,6076
1496532003,5998
1496532603,5964
1496533202,5874
1496533802,5775
1496534404,5733
1496535002,5734
1496535603,5813
1496536204,5653
1496536803,5620
1496537402,5502
1496538003,5569
1496538603,5716
1496539203,5491
1496539802,5535
1496540403,5562
1496541003,5502
1496541604,5537
1496542202,5564
1496542802,5546
1496543403,5529
1496544003,5679
1496544602,5620
1496545203,5626
1496545803,5577
1496546403,5579
1496547002,5543
1496547604,5773
1496548202,5710
1496548804,5818
1496549402,5831
1496550004,5743
1496550602,5684
1496551203,5599
1496551803,5518
1496552404,5483
1496553002,5416
1496553603,5372
1496554203,5308
1496554802,5373
1496555404,5375
1496556002,5260
1496556603,5206
1496557203,5241
1496557804,5195
1496558402,5209
1496559002,5211
1496559603,5206
1496560202,5148
1496560802,5150
1496561404,5144
1496562003,5163
1496562603,5202
1496563202,5200
1496563803,5206
1496564403,5212
1496565002,5073
1496565603,5208
1496566204,5141
1496566802,5125
1496567403,5011
1496568002,4999
1496568603,4942
1496569202,4921
1496569804,4912
1496570402,4902
1496571002,4994
1496571603,5028
1496572203,5080
1496572803,4894
1496573404,4935
1496574003,4988
1496574604,4927
1496575203,4975
1496575804,4999
1496576402,5037
1496577004,5075
1496577602,5140
1496578203,5275
1496578802,5188
1496579403,5224
1496580003,5247
1496580604,5277
1496581202,5200
1496581804,5240
1496582403,5310
1496583002,5374
1496583603,5490
1496584203,5570
1496584803,5515
1496585402,5518
1496586004,5467
1496586602,5543
1496587203,5574
1496587804,5595
1496588403,5565
1496589003,5531
1496589604,5554
1496590202,5584
1496590805,5751
1496591402,5823
1496592004,5806
1496592603,5720
1496593204,5700
1496593802,5798
1496594404,5753
1496595002,5739
1496595604,5828
1496596202,5854
1496596803,5848
1496597404,5837
1496598003,5937
1496598602,5964
1496599203,6126
1496599803,6226
1496600404,6362
1496601002,6248
1496601604,6400
1496602203,6286
1496602803,6221
1496603404,6185
1496604003,6233
1496604603,6284
1496605202,6256
1496605803,6336
1496606403,6345
1496607002,6436
1496607604,6331
1496608202,6398
1496608803,6427
1496609402,6409
1496610003,6349
1496610603,6301
1496611203,6176
1496611803,6168
1496612402,6281
1496613004,6193
1496613602,6156
1496614204,6148
1496614802,6188
1496615403,6108
1496616003,5914
1496616603,5939
1496617203,6000
1496617803,5871
1496618403,5894
1496619003,5834
1496619603,5695
1496620203,5654
1496620806,5638
1496621403,5547
1496622003,5570
1496622604,5572
1496623204,5477
1496623804,5492
1496624405,5438
1496625003,5550
1496625604,5480
1496626203,5577
1496626803,5406
1496627402,5469
1496628003,5460
1496628604,5436
1496629203,5326
1496629804,5237
1496630404,5201
1496631004,5246
1496631603,5182
1496632205,5182
1496632802,5176
1496633403,5160
1496634003,5230
1496634603,5208
1496635204,5251
1496635803,5355
1496636402,5293
1496637004,5360
1496637604,5249
1496638203,5250
1496638805,5263
1496639404,5271
1496640003,5256
1496640605,5302
1496641204,5223
1496641806,5168
1496642403,5225
1496643004,5208
1496643604,5182
1496644204,5185
1496644805,5243
1496645404,5248
1496646003,5286
1496646604,5277
1496647204,5270
1496647803,5265
1496648405,5186
1496649003,5199
1496649606,5168
1496650205,5111
1496650803,5105
1496651404,5117
1496652004,5099
1496652603,5134
1496653203,5127
1496653803,5255
1496654404,5166
1496655004,5180
1496655603,5151
1496656203,5115
1496656804,5145
1496657403,5165
1496658004,5262
1496658604,5260
1496659204,5219
1496659804,5274
1496660403,5438
1496661003,5538
1496661602,5668
1496662204,5684
1496662803,6003
1496663403,6094
1496664602,5980
1496665203,6050
1496665803,6175
1496666404,6394
1496667002,6364
1496667603,6320
1496668202,6065
1496668803,6250
1496669404,6033
1496670003,6018
1496670602,6075
1496671205,6039
1496671804,6209
1496672403,6098
1496673003,6126
1496673603,6224
1496674204,5949
1496674803,6037
1496675403,6004
1496676003,5910
1496676603,5924
1496677204,5947
1496677805,5842
1496678403,5910
1496679003,5742
1496679604,5755
1496680202,5713
1496680803,5726
1496681402,5669
1496682004,5685
1496682602,5716
1496683202,5889
1496683803,5838
1496684403,5847
1496685004,5838
1496685602,5865
1496686203,5900
1496686803,5997
1496687402,6084
1496688003,6170
1496688603,6180
1496689203,6522
1496689802,6738
1496690403,6694
1496691003,6645
1496691603,6540
1496692203,6628
1496692801,6632
1496693403,6682
1496694002,6918
1496694602,6884
1496695203,7179
1496695802,6960
1496696402,6853
1496697003,6800
1496697602,6767
1496698203,6822
1496698803,6544
1496699403,6508
1496700004,6368
1496700603,6262
1496701202,6056
1496701804,5869
1496702402,5731
1496703004,5581
1496703603,5599
1496704204,5582
1496704805,5525
1496705402,5525
1496706003,5427
1496706603,5393
1496707204,5352
1496707803,5347
1496708404,5331
1496709003,5333
1496709604,5332
1496710204,5304
1496710804,5297
1496711404,5268
1496712003,5373
1496712603,5328
1496713203,5312
1496713803,5349
1496714405,5364
1496715004,5365
1496715603,5280
1496716203,5289
1496716802,5299
1496717403,5388
1496718002,5499
1496718604,5401
1496719202,5360
1496719804,5354
1496720402,5413
1496721004,5368
1496721602,5433
1496722202,5446
1496722803,5469
1496723402,5499
1496724004,5493
1496724602,5513
1496725204,5560
1496725803,5507
1496726403,5509
1496727004,5493
1496727604,5473
1496728204,5360
1496728804,5344
1496729403,5487
1496730003,5518
1496730603,5400
1496731204,5380
1496731805,5464
1496732403,5300
1496733004,5314
1496733604,5330
1496734205,5344
1496734804,5296
1496735403,5334
1496736005,5270
1496736604,5300
1496737203,5282
1496737804,5309
1496738402,5211
1496739004,5193
1496739603,5199
1496740203,5154
1496740803,5170
1496741405,5186
1496742003,5209
1496742603,5305
1496743203,5250
1496743803,5219
1496744403,5308
1496745003,5321
1496745602,5321
1496746205,5465
1496746803,5562
1496747404,5794
1496748002,6310
1496748605,5933
1496749203,6098
1496749803,6060
1496750404,5973
1496751003,6149
1496751602,6405
1496752203,6535
1496752802,6740
1496753403,6840
1496754005,6898
1496754603,6700
1496755204,6488
1496755802,6279
1496756404,6031
1496757002,6104
1496757604,6065
1496758203,6023
1496758803,5886
1496759404,5992
1496760003,5832
1496760604,5948
1496761203,5910
1496761803,5859
1496762403,5862
1496763002,5869
1496763603,5930
1496764202,5842
1496764804,5933
1496765403,5920
1496766002,5936
1496766605,5906
1496767203,5926
1496767803,6007
1496768404,5986
1496769004,5878
1496769604,6060
1496770205,5933
1496770802,5984
1496771403,6101
1496772004,5983
1496772602,6051
1496773203,6075
1496773802,6109
1496774402,6208
1496775002,6367
1496775604,6400
1496776203,6339
1496776803,6555
1496777402,6759
1496778003,6838
1496778602,7001
1496779208,7097
1496779802,7171
1496780402,7166
1496781002,7107
1496781603,7230
1496782202,7121
1496782804,7047
1496783403,7394
1496784002,7407
1496784602,7072
1496785204,6927
1496785803,6692
1496786403,6580
1496787003,6306
1496787603,6299
1496788203,6137
1496788802,6102
1496789402,6042
1496790004,5951
1496790603,5899
1496791203,5750
1496791802,5734
1496792403,5807
1496793005,5638
1496793603,5669
1496794204,5516
1496794803,5444
1496795405,5517
1496796003,5403
1496796604,5414
1496797204,5438
1496797803,5460
1496798404,5368
1496799006,5430
1496799605,5505
1496800203,5434
1496800805,5307
1496801404,5371
1496802005,5393
1496802605,5446
1496803203,5304
1496803804,5353
1496804404,5350
1496805004,5411
1496805602,5346
1496806203,5350
1496806803,5315
1496807403,5338
1496808004,5459
1496808603,5454
1496809204,5416
1496809803,5482
1496810402,5471
1496811003,5440
1496811604,5468
1496812203,5441
1496812804,5420
1496813404,5384
1496814003,5370
1496814603,5334
1496815204,5362
1496815804,5394
1496816404,5413
1496817003,5288
1496817605,5276
1496818203,5471
1496818804,5364
1496819403,5289
1496820003,5284
1496820605,5254
1496821204,5251
1496821803,5337
1496822404,5288
1496823004,5239
1496823603,5279
1496824203,5210
1496824804,5151
1496825402,5282
1496826004,5255
1496826603,5155
1496827204,5171
1496827805,5174
1496828402,5203
1496829003,5231
1496829604,5133
1496830204,5121
1496830805,5174
1496831404,5173
1496832003,5162
1496832603,5331
1496833204,5390
1496833804,5539
1496834404,5866
1496835002,5972
1496835603,6214
1496836204,6038
1496836802,6085
1496837402,5962
1496838003,5976
1496838603,5884
1496839202,6333
1496839803,6116
1496840404,6024
1496841004,6063
1496841604,6207
1496842203,5973
1496842803,5919
1496843403,5945
1496844003,5941
1496844603,5918
1496845204,5924
1496845803,5984
1496846404,6057
1496847006,6061
1496847603,6021
1496848205,5942
1496848804,5937
1496849404,5986
1496850003,5965
1496850603,5927
1496851204,6003
1496851803,5955
1496852403,5938
1496853004,5966
1496853604,6051
1496854204,5908
1496854803,5924
1496855403,6022
1496856003,6005
1496856603,6056
1496857203,5969
1496857804,6039
1496858402,5979
1496859002,6102
1496859602,6122
1496860202,6207
1496860802,6363
1496861402,6602
1496862002,6678
1496862603,6794
1496863201,7049
1496863802,6918
1496864403,6829
1496865003,7365
1496865604,7082
1496866202,6916
1496866802,7459
1496867402,7149
1496868002,7136
1496868603,7206
1496869203,7309
1496869804,7449
1496870402,7355
1496871003,7366
1496871602,7224
1496872203,7090
1496872802,6899
1496873402,6795
1496874002,6721
1496874603,6683
1496875202,6441
1496875804,6479
1496876403,6213
1496877003,5991
1496877602,5857
1496878205,5693
1496878802,5728
1496879402,5766
1496880003,5773
1496880603,5547
1496881203,5607
1496881803,5554
1496882403,5616
1496883004,5520
1496883603,5421
1496884203,5447
1496884804,5497
1496885405,5580
1496886004,5553
1496886602,5483
1496887203,5462
1496887806,5380
1496888403,5458
1496889004,5432
1496889603,5448
1496890204,5378
1496890803,5469
1496891402,5409
1496892003,5441
1496892605,5408
1496893202,5387
1496893804,5407
1496894403,5368
1496895003,5427
1496895602,5413
1496896202,5350
1496896803,5386
1496897402,5439
1496898003,5362
1496898603,5372
1496899203,5341
1496899804,5311
1496900405,5340
1496901005,5283
1496901603,5280
1496902203,5294
1496902804,5294
1496903404,5237
1496904004,5239
1496904603,5245
1496905204,5203
1496905805,5239
1496906405,5251
1496907004,5253
1496907603,5245
1496908204,5243
1496908805,5220
1496909403,5177
1496910003,5200
1496910603,5170
1496911203,5113
1496911803,5052
1496912404,5148
1496913003,5185
1496913603,5096
1496914203,5214
1496914804,5186
1496915402,5203
1496916004,5123
1496916603,5137
1496917204,5180
1496917803,5249
1496918403,5302
1496919004,5397
1496919602,5476
1496920203,5564
1496920803,5633
1496921402,5611
1496922004,5788
1496922602,5887
1496923204,5926
1496923804,6092
1496924403,6114
1496925003,6037
1496925603,6089
1496926202,6239
1496926803,6160
1496927404,6229
1496928003,6149
1496928602,6235
1496929204,6209
1496929803,6157
1496930403,6201
1496931003,6143
1496931602,6510
1496932204,6410
1496932802,6613
1496933403,6462
1496934003,6372
1496934603,6573
1496935204,6452
1496935803,6348
1496936403,6415
1496937004,6405
1496937603,6357
1496938203,6453
1496938804,6366
1496939404,6349
1496940003,6474
1496940603,6282
1496941205,6413
1496941803,6295
1496942402,6502
1496943004,6225
1496943602,6618
1496944203,6611
1496944804,6684
1496945403,6817
1496946003,6802
1496946603,6842
1496947203,6902
1496947803,7165
1496948403,7115
1496949003,7044
1496949603,7153
1496950202,7108
1496950803,7514
1496951402,7689
1496952003,7860
1496952603,7410
1496953203,8167
1496953802,8026
1496954403,7924
1496955003,7904
1496955602,7694
1496956203,8323
1496956802,8171
1496957403,7867
1496958001,7690
1496958603,7291
1496959202,7927
1496959802,7251
1496960403,7173
1496961003,6853
1496961603,6799
1496962203,6684
1496962802,6509
1496963403,6209
1496964004,6104
1496964603,5900
1496965202,5779
1496965802,5761
1496966404,5845
1496967002,5768
1496967603,5715
1496968205,5650
1496968802,5677
1496969403,5685
1496970004,5661
1496970604,5558
1496971202,5539
1496971804,5538
1496972402,5459
1496973002,5443
1496973604,5475
1496974203,5521
1496974802,5454
1496975404,5502
1496976003,5548
1496976602,5456
1496977204,5502
1496977803,5512
1496978404,5677
1496979004,5455
1496979602,5407
1496980203,5474
1496980802,5457
1496981403,5522
1496982003,5537
1496982603,5423
1496983202,5411
1496983803,5426
1496984402,5398
1496985004,5350
1496985603,5382
1496986202,5398
1496986804,5433
1496987404,5323
1496988004,5412
1496988604,5359
1496989205,5363
1496989805,5338
1496990403,5290
1496991005,5262
1496991604,5305
1496992204,5285
1496992805,5269
1496993403,5231
1496994003,5205
1496994604,5218
1496995202,5283
1496995803,5270
1496996402,5308
1496997004,5358
1496997603,5163
1496998203,5201
1496998802,5186
1496999403,5150
1497000004,5231
1497000603,5179
1497001203,5235
1497001803,5342
1497002403,5274
1497003002,5165
1497003604,5177
1497004203,5350
1497004803,5320
1497005404,5395
1497006002,5516
1497006604,5677
1497007203,6022
1497007804,6032
1497008402,5985
1497009003,5896
1497009604,5860
1497010202,5777
1497010804,5864
1497011403,6021
1497012002,6031
1497012603,5961
1497013204,6037
1497013804,5907
1497014403,5928
1497015004,6022
1497015603,6005
1497016204,6096
1497016803,6061
1497017402,5986
1497018002,6003
1497018604,5999
1497019204,6088
1497019804,6025
1497020403,6286
1497021002,6263
1497021603,6219
1497022203,6233
1497022802,6179
1497023404,6045
1497024003,6078
1497024602,6167
1497025203,6144
1497025803,6211
1497026404,6259
1497027003,6298
1497027603,6231
1497028203,6511
1497028802,6584
1497029404,6461
1497030003,6515
1497030602,6585
1497031203,6826
1497031802,6881
1497032403,7036
1497033002,7253
1497033603,7719
1497034203,7538
1497034805,7432
1497035402,7345
1497036002,7489
1497036602,8223
1497037202,8217
1497037802,8104
1497038403,8188
1497039002,8071
1497039603,8209
1497040203,7799
1497040803,8097
1497041402,7986
1497042003,8185
1497042603,7986
1497043203,7913
1497043802,7707
1497044403,7603
1497045003,7443
1497045603,7163
1497046201,7139
1497046802,7323
1497047404,7359
1497048003,7040
1497048603,6771
1497049203,6702
1497049802,6792
1497050403,6477
1497051003,6454
1497051603,6304
1497052203,6402
1497052803,6254
1497053402,6163
1497054003,5977
1497054602,6018
1497055202,5935
1497055803,5948
1497056404,5996
1497057004,5788
1497057605,5656
1497058204,5526
1497058804,5549
1497059405,5500
1497060003,5453
1497060604,5702
1497061204,5624
1497061805,5588
1497062402,5602
1497063002,5899
1497063604,5756
1497064203,5815
1497064803,5652
1497065403,5639
1497066003,5752
1497066603,5463
1497067204,5549
1497067803,5480
1497075605,5294
1497076203,5240
1497076803,5221
1497077402,5245
1497078006,5315
1497078604,5351
1497079203,5330
1497079804,5226
1497080404,5231
1497081005,5271
1497081604,5197
1497082204,5186
1497082802,5239
1497083403,5252
1497084003,5218
1497084603,5197
1497085203,5141
1497085803,5089
1497086403,5054
1497087005,5036
1497087603,5079
1497088204,5014
1497088803,4963
1497089403,5051
1497090002,5043
1497090605,5124
1497091203,5004
1497091803,5227
1497092403,5209
1497093004,5277
1497093604,5269
1497094203,5303
1497094803,5319
1497095402,5424
1497096004,5328
1497096603,5392
1497097204,5361
1497097803,5335
1497098405,5356
1497099003,5362
1497099604,5389
1497100202,5491
1497100804,5521
1497101403,5489
1497102004,5679
1497102604,5739
1497103203,5919
1497103803,6040
1497104403,6100
1497105003,6156
1497105603,6121
1497106202,5912
1497106803,5910
1497107402,5911
1497108003,5940
1497108602,6141
1497109203,6138
1497109803,6157
1497110405,6204
1497111003,6210
1497111603,6273
1497112204,6311
1497112802,6264
1497113403,6409
1497114002,6597
1497114603,6440
1497115203,6298
1497115802,6365
1497116403,6192
1497117004,6112
1497117604,6228
1497118203,6233
1497118803,6287
1497119405,6107
1497120002,6142
1497120604,6318
1497121202,6364
1497121804,6222
1497122402,6234
1497123004,6345
1497123602,6611
1497124204,6469
1497124802,6647
1497125403,6445
1497126003,7006
1497126603,6455
1497127204,6531
1497127803,6502
1497128402,6747
1497129003,6746
1497129603,6713
1497130203,6513
1497130803,6333
1497131404,6407
1497132002,6424
1497132604,6640
1497133203,6333
1497133804,6366
1497134403,6352
1497135004,6261
1497135602,6270
1497136202,6285
1497136804,6122
1497137403,6204
1497138005,6082
1497138604,5959
1497139203,5939
1497139802,5851
1497140403,5948
1497141004,5749
1497141602,5737
1497142203,5611
1497142803,5602
1497143404,5581
1497144002,5656
1497144604,5715
1497145202,5665
1497145803,5633
1497146402,5658
1497147003,5751
1497147602,5733
1497148203,5750
1497148803,5746
1497149402,5661
1497150004,5681
1497150602,5694
1497151203,5586
1497151804,5492
1497152402,5493
1497153003,5486
1497153603,5675
1497154204,5621
1497154803,5543
1497155402,5557
1497156003,5534
1497156603,5556
1497157204,5369
1497157803,5430
1497158402,5478
1497159002,5272
1497159604,5255
1497160202,5256
1497160803,5321
1497161404,5193
1497162002,5188
1497162602,5198
1497163204,5195
1497163803,5184
1497164405,5206
1497165003,5182
1497165603,5163
1497166203,5163
1497166803,5227
1497167403,5164
1497168005,5189
1497168604,5215
1497169203,5189
1497169804,5139
1497170403,5083
1497171004,5131
1497171602,5048
1497172203,4997
1497172803,4969
1497173404,4923
1497174002,4964
1497174603,4962
1497175203,4887
1497175803,4912
1497176403,4941
1497177002,4939
1497177603,4973
1497178203,5007
1497178802,5015
1497179403,5009
1497180002,5023
1497180604,5069
1497181204,5079
1497181803,5094
1497182402,5046
1497183002,5119
1497183603,5163
1497184204,5344
1497184802,5280
1497185403,5185
1497186002,5252
1497186603,5269
1497187202,5293
1497187804,5334
1497188403,5424
1497189003,5367
1497189602,5436
1497190203,5482
1497190802,5526
1497191403,5546
1497192003,5628
1497192603,5575
1497193203,5720
1497193803,5630
1497194403,5788
1497195005,5937
1497195602,6066
1497196204,6181
1497196802,6204
1497197403,6258
1497198002,6330
1497198604,6136
1497199204,6115
1497199803,6201
1497200403,6110
1497201003,6132
1497201602,6118
1497202203,6205
1497202804,6219
1497203402,6237
1497204004,6376
1497204603,6273
1497205202,6334
1497205803,6454
1497206404,6406
1497207003,6320
1497207603,6232
1497208204,6435
1497208804,6297
1497209403,6361
1497210003,6427
1497210602,6523
1497211204,6386
1497211803,6413
1497212403,6398
1497213003,6573
1497213603,6320
1497214203,6206
1497214803,6251
1497215403,6229
1497216003,6353
1497216604,6426
1497217202,6200
1497217803,6233
1497218402,6143
1497219004,6237
1497219602,6242
1497220203,6097
1497220803,6084
1497221403,5982
1497222003,6057
1497222603,6048
1497223204,6006
1497223804,6026
1497224402,6116
1497225002,6073
1497225604,5992
1497226203,5926
1497226804,5811
1497227403,5698
1497228003,5567
1497228604,5661
1497229203,5570
1497229804,5566
1497230404,5596
1497231004,5456
1497231603,5557
1497232204,5473
1497232804,5573
1497233403,5525
1497234003,5513
1497234603,5508
1497235203,5444
1497235803,5411
1497236404,5467
1497237004,5445
1497237603,5439
1497238204,5357
1497238803,5377
1497239404,5281
1497240002,5272
1497240603,5281
1497241204,5268
1497241805,5216
1497242403,5167
1497243004,5141
1497243603,5179
1497244204,5121
1497244805,5110
1497245404,5129
1497246003,5171
1497246604,5140
1497247204,5173
1497247803,5213
1497248405,5185
1497249003,5170
1497249605,5209
1497250205,5189
1497250804,5183
1497251405,5225
1497252003,5235
1497252604,5263
1497253203,5236
1497253805,5202
1497254405,5156
1497255004,5150
1497255604,5156
1497256204,5105
1497256804,5037
1497257403,5037
1497258003,5085
1497258603,5102
1497259203,5176
1497259803,5188
1497260403,5177
1497261003,5103
1497261603,5120
1497262203,5101
1497262804,5151
1497263403,5204
1497264003,5280
1497264604,5449
1497265204,5394
1497265804,5544
1497266403,5692
1497267002,5652
1497267604,5630
1497268203,5864
1497268804,5638
1497269404,5666
1497270004,5714
1497270602,5695
1497271202,5639
1497271802,5829
1497272405,5735
1497273003,5659
1497273602,5672
1497274204,5913
1497274803,5662
1497275403,5640
1497276002,5689
1497276603,5797
1497277202,6029
1497277804,6170
1497278403,6171
1497279003,6168
1497279603,6341
1497280203,6100
1497280804,6160
1497281402,6160
1497282004,5991
1497282603,5940
1497283203,5927
1497283804,5799
1497284403,6131
1497285004,6013
1497285603,5806
1497286204,5972
1497286804,5848
1497287403,5895
1497288003,6037
1497288603,6022
1497289204,6304
1497289804,6030
1497290404,6072
1497291003,6092
1497291602,6213
1497292204,6259
1497292802,6428
1497293403,6774
1497294003,6881
1497294604,6695
1497295202,6504
1497295804,6535
1497296403,7179
1497297003,7021
1497297602,6904
1497298203,7202
1497298802,6852
1497299403,6758
1497300003,7037
1497300602,6981
1497301203,6956
1497301803,6963
1497302403,7423
1497303003,7105
1497303602,7108
1497304202,7059
1497304802,6865
1497305401,6873
1497306003,6586
1497306602,6258
1497307203,6201
1497307802,5973
1497308403,5815
1497309003,5709
1497309604,5578
1497310203,5583
1497310803,5576
1497311403,5570
1497312004,5585
1497312603,5629
1497313204,5552
1497313804,5488
1497314403,5444
1497315002,5387
1497315603,5331
1497316203,5451
1497316804,5397
1497317404,5419
1497318004,5355
1497318604,5320
1497319204,5379
1497319804,5465
1497320403,5351
1497321003,5369
1497321604,5261
1497322203,5511
1497322802,5386
1497323404,5348
1497324002,5229
1497324603,5237
1497325203,5237
1497325803,5218
1497326404,5348
1497327004,5277
1497327605,5277
1497328203,5336
1497328806,5275
1497329402,5469
1497330003,5290
1497330603,5326
1497331204,5342
1497331804,5373
1497332403,5252
1497333002,5270
1497333606,5308
1497334204,5244
1497334803,5261
1497335405,5291
1497336004,5321
1497336603,5296
1497337204,5316
1497337805,5299
1497338404,5260
1497339003,5263
1497339605,5288
1497340204,5275
1497340805,5260
1497341402,5255
1497342003,5214
1497342604,5201
1497343203,5157
1497343804,5157
1497344403,5214
1497345002,5273
1497345603,5197
1497346204,5228
1497346803,5216
1497347404,5405
1497348002,5335
1497348604,5172
1497349202,5225
1497349805,5267
1497350402,5251
1497351002,5434
1497351604,5333
1497352203,5392
1497352804,5655
1497353402,5609
1497354003,5529
1497354603,5609
1497355202,5684
1497355803,5699
1497356404,5822
1497357002,5879
1497357602,5696
1497358203,5849
1497358802,6034
1497359403,6062
1497360003,6025
1497360604,6174
1497361202,6327
1497361803,6403
1497362404,6355
1497363004,6080
1497363602,6244
1497364203,6037
1497364803,6126
1497365403,6142
1497366003,5990
1497366602,5937
1497367204,5787
1497367805,5863
1497368405,5870
1497369003,5897
1497369605,5945
1497370205,5883
1497370803,5900
1497371405,6048
1497372003,6230
1497372604,6295
1497373203,6245
1497373803,6117
1497374404,6035
1497375005,6121
1497375604,6026
1497376202,6054
1497376804,6265
1497377403,6243
1497378003,6448
1497378603,6608
1497379202,6772
1497379802,6764
1497380403,6680
1497381003,6845
1497381602,6911
1497382204,6951
1497382803,7112
1497383403,7123
1497384003,6987
1497384603,7074
1497385203,7382
1497385802,7313
1497386402,7415
1497387003,7382
1497387602,7294
1497388202,7260
1497388802,7249
1497389403,7065
1497390003,6910
1497390602,6730
1497391202,6697
1497391803,6532
1497392403,6441
1497393002,6359
1497393603,6251
1497394203,6232
1497394802,6265
1497395403,5979
1497396003,5952
1497396604,5760
1497397202,5636
1497397804,5636
1497398402,5660
1497399003,5585
1497399603,5581
1497400203,5574
1497400804,5496
1497401403,5454
1497402005,5542
1497402603,5488
1497403202,5572
1497403805,5435
1497404402,5475
1497405004,5486
1497405602,5467
1497406203,5439
1497406802,5456
1497407406,5472
1497408002,5567
1497408603,5460
1497409202,5540
1497409803,5425
1497410402,5504
1497411004,5358
1497411602,5539
1497412204,5497
1497412802,5344
1497413404,5293
1497414004,5466
1497414604,5415
1497415203,5318
1497415804,5223
1497416406,5261
1497417004,5327
1497417604,5305
1497418205,5306
1497418803,5328
1497419403,5329
1497420006,5306
1497420604,5299
1497421204,5300
1497421806,5220
1497422404,5232
1497423005,5225
1497423604,5258
1497424204,5298
1497424803,5166
1497425406,5313
1497426003,5319
1497426605,5304
1497427203,5280
1497427803,5234
1497428404,5241
1497429005,5265
1497429604,5240
1497430203,5181
1497430802,5298
1497431403,5362
1497432003,5247
1497432603,5306
1497433203,5388
1497433802,5371
1497434404,5369
1497435002,5212
1497435603,5228
1497436202,5287
1497436803,5271
1497437404,5343
1497438002,5292
1497438602,5323
1497439202,5601
1497439804,5578
1497440403,5776
1497441003,5796
1497441603,5813
1497442202,5845
1497442804,6159
1497443402,6126
1497444002,6476
1497444603,6389
1497445203,6334
1497445802,6176
1497446403,6175
1497447003,6152
1497447602,6140
1497448202,6102
1497448803,6243
1497449404,6044
1497450003,5935
1497450603,6054
1497451202,6377
1497451803,6137
1497452402,6266
1497453003,6321
1497453602,6096
1497454203,6137
1497454803,6103
1497455404,6007
1497456003,6136
1497456603,6174
1497457202,6177
1497457803,6157
1497458403,6113
1497459002,6151
1497459603,6116
1497460202,6046
1497460802,6019
1497461402,6192
1497462004,6151
1497462603,6238
1497463203,6211
1497463803,6422
1497464402,6639
1497465003,6572
1497465603,6804
1497466202,6900
1497466802,7022
1497467404,7005
1497468003,6798
1497468603,7093
1497469203,7209
1497469803,7218
1497470403,7348
1497471003,7252
1497471602,7427
1497472203,7558
1497472802,7539
1497473402,7453
1497474004,7255
1497474602,7282
1497475202,7307
1497475802,7306
1497476402,7036
1497477003,7205
1497477603,6897
1497478203,6832
1497478803,6662
1497479402,6410
1497480002,6330
1497480601,6120
1497481203,6111
1497481803,5957
1497482402,5949
1497483004,5911
1497483602,5851
1497484203,5696
1497484804,5664
1497485403,5621
1497486003,5663
1497486604,5604
1497487203,5662
1497487804,5589
1497488404,5590
1497489005,5609
1497489602,5799
1497490204,5824
1497490803,5835
1497491403,5768
1497492003,5704
1497492603,5602
1497493204,5639
1497493802,5765
1497494403,5781
1497495003,5702
1497495604,5705
1497496202,5813
1497496803,5699
1497497403,5576
1497498003,5515
1497498604,5514
1497499202,5414
1497499804,5541
1497500403,5727
1497501003,5334
1497501604,5557
1497502202,5382
1497502805,5442
1497503403,5469
1497504004,5294
1497504604,5263
1497505203,5225
1497505804,5269
1497506405,5301
1497507003,5273
1497507603,5248
1497508204,5298
1497508803,5277
1497509405,5265
1497510005,5264
1497510603,5262
1497511203,5228
1497511805,5267
1497512404,5192
1497513004,5243
1497513604,5223
1497514204,5210
1497514804,5121
1497515403,5141
1497516003,5097
1497516604,5066
1497517202,5064
1497517802,5105
1497518403,5131
1497519003,5236
1497519603,5178
1497520203,5258
1497520803,5216
1497521403,5233
1497522003,5201
1497522603,5234
1497523203,5257
1497523803,5374
1497524403,5490
1497525003,5486
1497525601,5665
1497526202,5674
1497526803,5783
1497527402,5897
1497528003,6033
1497528603,6094
1497529203,6096
1497529803,6217
1497530402,6090
1497531003,6414
1497531604,6428
1497532202,6199
1497532802,6222
1497533403,6099
1497534002,6168
1497534603,6062
1497535202,6132
1497535803,6303
1497536403,6572
1497537002,6342
1497537603,6364
1497538203,6153
1497538803,6130
1497539403,6250
1497540002,6322
1497540606,6218
1497541202,6177
1497541803,6074
1497542404,6073
1497543003,6022
1497543602,6083
1497544204,6334
1497544803,6176
1497545404,6210
1497546002,6334
1497546603,6296
1497547203,6318
1497547803,6289
1497548402,6461
1497549004,6507
1497549601,6597
1497550202,6691
1497550804,6507
1497551402,6900
1497552003,6885
1497552603,7033
1497553202,7061
1497553803,7068
1497554403,7082
1497555003,7273
1497555603,7609
1497556202,7495
1497556803,7361
1497557403,7555
1497558002,7482
1497558603,7550
1497559202,7548
1497559802,7726
1497560402,7620
1497561003,7680
1497561603,7825
1497562203,7825
1497562802,7817
1497563401,7658
1497564002,7533
1497564601,7289
1497565202,7246
1497565803,7013
1497566403,6973
1497567002,6728
1497567604,6470
1497568202,6439
1497568803,6279
1497569403,6209
1497570002,6057
1497570603,5778
1497571203,5699
1497571803,5747
1497572403,5718
1497573003,5596
1497573603,5699
1497574203,5665
1497574804,5606
1497575403,5623
1497576003,5559
1497576603,5558
1497577204,5544
1497577802,5589
1497578403,5606
1497579005,5510
1497579604,5535
1497580202,5673
1497580803,5527
1497581403,5477
1497582003,5556
1497582602,5645
1497583204,5530
1497583802,5516
1497584403,5470
1497585004,5371
1497585603,5397
1497586202,5459
1497586805,5519
1497587403,5397
1497588003,5435
1497588602,5386
1497589204,5288
1497589804,5327
1497590402,5283
1497591003,5325
1497591603,5316
1497592203,5275
1497592803,5295
1497593405,5250
1497594003,5235
1497594605,5267
1497595204,5280
1497595803,5248
1497596404,5246
1497597002,5268
1497597604,5244
1497598205,5248
1497598803,5262
1497599402,5275
1497600003,5274
1497600602,5242
1497601203,5165
1497601802,5199
1497602403,5196
1497603003,5185
1497603602,5179
1497604203,5179
1497604803,5233
1497605404,5277
1497606002,5245
1497606603,5284
1497607203,5363
1497607803,5373
1497608402,5345
1497609002,5606
1497609603,5326
1497610203,5322
1497610802,5410
1497611403,5420
1497612003,5844
1497612602,5630
1497613202,5674
1497613804,5688
1497614402,5598
1497615003,5758
1497615602,5649
1497616205,5795
1497616803,5989
1497617402,5907
1497618003,5984
1497618602,6196
1497619202,6024
1497619803,5798
1497620403,5890
1497621002,5739
1497621602,5801
1497622202,5952
1497622803,5879
1497623402,5760
1497624003,5945
1497624602,5888
1497625202,6015
1497625803,5981
1497626404,6086
1497627002,6011
1497627603,6038
1497628204,5814
1497628804,6003
1497629404,6050
1497630003,6034
1497630602,5983
1497631204,5968
1497631803,5915
1497632404,5974
1497633002,5943
1497633603,6148
1497634202,6422
1497634803,6200
1497635402,6313
1497636002,6678
1497636602,6340
1497637203,6476
1497637803,6659
1497638402,6670
1497639003,6839
1497639603,7398
1497640201,7513
1497640803,7709
1497641402,7675
1497642002,7576
1497642602,7728
1497643203,7669
1497643802,7845
1497644403,7956
1497645001,7780
1497645603,7779
1497646202,7960
1497646802,7784
1497647402,7532
1497648003,7716
1497648603,7611
1497649203,7752
1497649803,7208
1497650403,7220
1497651002,7176
1497651603,6730
1497652202,6518
1497652803,6473
1497653402,6370
1497654002,6203
1497654604,6202
1497655203,6092
1497655803,5995
1497656403,5832
1497657004,5796
1497657602,5782
1497658203,5749
1497658803,5757
1497659403,5642
1497660003,5648
1497660603,5531
1497661204,5508
1497661803,5628
1497662402,5501
1497663004,5460
1497663604,5465
1497664202,5568
1497664805,5538
1497665403,5567
1497666003,5662
1497666604,5688
1497667202,5779
1497667804,5811
1497668402,5632
1497669003,5749
1497669603,5719
1497670202,5610
1497670803,5548
1497671402,5564
1497672002,5516
1497672603,5468
1497673202,5358
1497673804,5352
1497674403,5436
1497675003,5381
1497675603,5262
1497676203,5220
1497676804,5214
1497677402,5162
1497678004,5239
1497678603,5292
1497679205,5417
1497679803,5243
1497680404,5255
1497681004,5306
1497681603,5335
1497682205,5319
1497682803,5320
1497683403,5316
1497684003,5329
1497684604,5227
1497685204,5282
1497685803,5411
1497686406,5138
1497687004,5155
1497687603,5164
1497688204,5222
1497688804,5189
1497689403,5167
1497690003,5157
1497690603,5186
1497691204,5011
1497691803,5036
1497692404,5089
1497693002,5120
1497693604,5045
1497694204,5016
1497694804,5004
1497695403,5051
1497696003,5134
1497696603,5117
1497697204,5116
1497697803,5144
1497698403,5167
1497699002,5198
1497699603,5210
1497700202,5330
1497700804,5286
1497701404,5319
1497702002,5380
1497702604,5408
1497703203,5475
1497703804,5453
1497704403,5516
1497705003,5490
1497705602,5501
1497706203,5584
1497706802,5653
1497707403,5637
1497708004,5739
1497708602,5971
1497709203,5995
1497709802,5949
1497710403,5930
1497711003,5960
1497711603,5950
1497712202,5900
1497712804,5831
1497713402,5990
1497714003,5987
1497714602,6058
1497715203,6133
1497715802,6215
1497716402,6468
1497717004,6517
1497717603,6343
1497718204,6649
1497718802,6783
1497719402,6744
1497720002,6604
1497720601,6769
1497721203,6627
1497721803,6664
1497722403,6733
1497723003,6768
1497723602,6824
1497724203,6710
1497724802,6609
1497725402,6556
1497726002,6435
1497726603,6429
1497727202,6480
1497727804,6542
1497728402,6665
1497729002,6533
1497729603,6620
1497730202,6537
1497730803,6417
1497731404,6237
1497732002,6258
1497732602,6124
1497733202,6207
1497733802,6195
1497734403,6436
1497735002,6497
1497735603,6364
1497736203,6203
1497736803,6166
1497737402,6158
1497738003,6219
1497738604,6181
1497739204,6227
1497739802,6035
1497740403,5987
1497741003,5789
1497741603,5725
1497742203,5693
1497742802,5743
1497743403,5616
1497744004,5668
1497744603,5687
1497745202,5691
1497745804,5631
1497746402,5657
1497747003,5579
1497747604,5585
1497748202,5556
1497748803,5482
1497749403,5500
1497750003,5511
1497750602,5573
1497751204,5504
1497751803,5513
1497752402,5474
1497753003,5670
1497753602,5533
1497754203,5526
1497754803,5637
1497755403,5550
1497756003,5484
1497756604,5702
1497757203,5589
1497757804,5497
1497758403,5543
1497759002,5441
1497759605,5417
1497760202,5373
1497760803,5297
1497761403,5451
1497762005,5229
1497762603,5303
1497763203,5262
1497763802,5278
1497764402,5251
1497765003,5265
1497765603,5269
1497766202,5211
1497766803,5314
1497767403,5300
1497768002,5210
1497768604,5191
1497769203,5259
1497769804,5228
1497770404,5243
1497771002,5237
1497771603,5192
1497772203,5194
1497772804,5175
1497773403,5216
1497774002,5184
1497774603,5153
1497775202,5188
1497775804,5147
1497776402,5107
1497777003,5043
1497777603,4965
1497778204,4958
1497778803,4957
1497779403,5028
1497780003,4919
1497780602,4969
1497781204,4937
1497781802,4999
1497782403,5009
1497783003,5082
1497783603,4989
1497784203,5017
1497784803,5062
1497785404,5088
1497786003,5067
1497786602,5112
1497787204,5093
1497787802,5126
1497788404,5143
1497789003,5143
1497789603,5109
1497790202,5135
1497790804,5167
1497791403,5246
1497792004,5233
1497792603,5242
1497793203,5267
1497793802,5317
1497794402,5333
1497795003,5373
1497795603,5460
1497796202,5507
1497796804,5424
1497797403,5491
1497798003,5484
1497798603,5499
1497799203,5568
1497799804,5642
1497800402,5586
1497801003,5538
1497801603,5693
1497802204,5557
1497802803,5621
1497803402,5640
1497804003,5708
1497804603,5821
1497805204,6010
1497805803,5980
1497806403,6019
1497807002,5936
1497807603,6022
1497808203,5949
1497808804,6135
1497809402,6216
1497810004,6157
1497810602,6268
1497811203,6286
1497811803,6218
1497812403,6224
1497813002,6178
1497813603,6163
1497814203,6176
1497814804,6403
1497815402,6375
1497816002,6392
1497816603,6449
1497817201,6526
1497817802,6531
1497818403,6573
1497819003,6482
1497819603,6039
1497820203,6211
1497820802,6176
1497821403,6220
1497822003,6176
1497822602,6353
1497823204,6182
1497823803,6030
1497824403,6064
1497825004,5911
1497825603,5909
1497826203,5995
1497826803,5956
1497827403,5936
1497828003,5915
1497828604,5835
1497829204,5843
1497829803,5745
1497830404,5710
1497831003,5559
1497831604,5530
1497832205,5621
1497832803,5668
1497833402,5661
1497834003,5595
1497834605,5527
1497835203,5489
1497835802,5426
1497836403,5629
1497837003,5442
1497837603,5386
1497838204,5544
1497838803,5539
1497839404,5666
1497840002,5523
1497840602,5533
1497841203,5506
1497841803,5337
1497842403,5237
1497843003,5236
1497843602,5373
1497844203,5356
1497844803,5266
1497845402,5301
1497846005,5473
1497846603,5267
1497847204,5203
1497847804,5178
1497848403,5155
1497849004,5151
1497849604,5157
1497850204,5158
1497850805,5115
1497851403,5105
1497852005,5064
1497852603,5079
1497853203,5108
1497853804,5164
1497854404,5194
1497855003,5195
1497855604,5172
1497856205,5193
1497856805,5202
1497857403,5179
1497858005,5218
1497858603,5224
1497859203,5164
1497859803,5096
1497860403,5072
1497861003,5060
1497861603,5081
1497862202,5037
1497862802,5062
1497863403,5073
1497864004,5199
1497864602,5125
1497865203,5098
1497865804,5214
1497866404,5153
1497867003,5156
1497867604,5146
1497868203,5206
1497868803,5216
1497869403,5452
1497870004,5340
1497870603,5413
1497871203,5519
1497871803,5604
1497872403,5607
1497873003,5674
1497873603,5792
1497874202,5676
1497874802,5677
1497875402,5810
1497876003,5732
1497876603,5894
1497877203,5901
1497877802,5852
1497878403,5898
1497879003,5854
1497879603,5974
1497880203,5976
1497880804,5876
1497881403,5792
1497882004,5851
1497882602,5832
1497883204,5748
1497883802,5691
1497884404,5712
1497885004,5868
1497885604,5848
1497886203,5946
1497886804,5811
1497887402,5779
1497888007,5783
1497888603,5764
1497889204,5889
1497889804,5935
1497890403,5975
1497891003,5910
1497891603,5828
1497892202,5811
1497892803,5963
1497893404,5861
1497894002,5972
1497894603,5941
1497895203,5996
1497895803,6105
1497896402,6105
1497897002,5974
1497897601,6197
1497898203,6239
1497898802,6336
1497899403,6344
1497900002,6364
1497900603,6284
1497901203,6428
1497901803,6608
1497902404,6635
1497903003,6752
1497903603,6588
1497904202,6893
1497904803,7154
1497905403,7454
1497906003,7382
1497906602,7574
1497907202,7512
1497907803,7728
1497908403,7337
1497909002,7501
1497909603,7168
1497910203,7429
1497910802,7143
1497911401,7076
1497912002,6968
1497912602,6888
1497913203,6569
1497913802,6248
1497914402,6109
1497915003,6023
1497915602,5936
1497916203,5844
1497916804,5864
1497917403,5877
1497918003,5911
1497918603,5589
1497919204,5622
1497919804,5594
1497920404,5502
1497921004,5482
1497921603,5551
1497922204,5597
1497922803,5539
1497923404,5603
1497924003,5458
1497924604,5372
1497925204,5445
1497925805,5405
1497926403,5327
1497927003,5319
1497927604,5251
1497928203,5301
1497928804,5216
1497929403,5259
1497930003,5338
1497930603,5296
1497931202,5244
1497931804,5264
1497932403,5306
1497933004,5489
1497933603,5340
1497934204,5299
1497934803,5359
1497935404,5349
1497936004,5408
1497936604,5286
1497937204,5301
1497937803,5340
1497938403,5451
1497939003,5507
1497939604,5314
1497940204,5314
1497940804,5410
1497941403,5325
1497942005,5349
1497942603,5279
1497943203,5293
1497943804,5398
1497944403,5343
1497945003,5226
1497945604,5177
1497946203,5303
1497946803,5223
1497947403,5181
1497948004,5151
1497948602,5128
1497949202,5119
1497949803,5135
1497950403,5142
1497951003,5274
1497951603,5282
1497952203,5282
1497952804,5483
1497953402,5166
1497954002,5211
1497954604,5249
1497955203,5307
1497955803,5445
1497956404,5460
1497957002,5438
1497957603,5591
1497958204,5782
1497958803,5681
1497959402,5863
1497960004,5802
1497960602,5751
1497961202,5973
1497961802,5845
1497962404,6060
1497963002,6094
1497963602,6091
1497964202,6050
1497964804,6046
1497965402,5926
1497966002,6074
1497966603,6049
1497967204,6140
1497967803,6050
1497968403,6003
1497969003,5998
1497969603,5926
1497970203,5850
1497970804,5935
1497971402,5962
1497972002,6093
1497972603,6200
1497973203,6056
1497973803,6049
1497974404,6114
1497975002,6062
1497975604,6127
1497976202,6101
1497976804,6055
1497977402,5971
1497978002,5919
1497978603,6129
1497979203,6232
1497979802,6355
1497980405,6442
1497981003,6296
1497981604,6360
1497982202,6317
1497982803,6249
1497983402,6190
1497984003,6266
1497984603,6338
1497985203,6497
1497985802,6528
1497986402,6770
1497987003,6736
1497987604,6888
1497988202,7330
1497988803,7131
1497989403,7109
1497990003,7285
1497990603,7331
1497991204,7562
1497991802,7375
1497992402,7312
1497993002,7152
1497993602,7148
1497994203,7221
1497994803,7519
1497995402,7022
1497996003,7173
1497996603,7059
1497997203,6895
1497997803,6729
1497998402,6538
1497999003,6340
1497999603,6214
1498000203,6165
1498000803,6059
1498001403,5883
1498002003,5809
1498002603,5801
1498003202,5658
1498003803,5668
1498004403,5648
1498005004,5585
1498005603,5577
1498006204,5580
1498006805,5538
1498007403,5516
1498008004,5487
1498008602,5416
1498009204,5421
1498009803,5498
1498010403,5409
1498011005,5484
1498011603,5550
1498012204,5528
1498012803,5532
1498013402,5461
1498014003,5390
1498014603,5409
1498015203,5418
1498015803,5370
1498016403,5434
1498017002,5448
1498017602,5409
1498018203,5460
1498018802,5473
1498019402,5467
1498020003,5504
1498020603,5401
1498021202,5425
1498021804,5406
1498022402,5361
1498023003,5312
1498023604,5332
1498024203,5375
1498024804,5308
1498025404,5422
1498026002,5345
1498026604,5326
1498027202,5342
1498027803,5338
1498028404,5340
1498029003,5365
1498029604,5237
1498030204,5235
1498030804,5254
1498031405,5266
1498032003,5299
1498032605,5338
1498033204,5338
1498033806,5157
1498034403,5207
1498035003,5159
1498035604,5194
1498036203,5126
1498036802,5174
1498037404,5109
1498038002,5209
1498038604,5319
1498039203,5295
1498039804,5397
1498040404,5453
1498041003,5434
1498041602,5399
1498042203,5465
1498042804,5629
1498043403,5595
1498044002,5630
1498044602,5701
1498045203,5713
1498045804,5738
1498046402,5710
1498047003,5724
1498047602,5897
1498048203,6118
1498048802,6488
1498049403,6542
1498050003,6369
1498050604,6211
1498051203,5986
1498051804,5902
1498052403,5987
1498053003,6240
1498053603,6165
1498054202,6092
1498054803,5946
1498055404,5961
1498056002,5836
1498056602,5819
1498057203,5941
1498057802,5965
1498058403,5947
1498059004,5920
1498059603,6003
1498060203,6169
1498060803,6008
1498061403,6206
1498062003,6041
1498062604,6089
1498063202,5980
1498063803,6007
1498064405,5984
1498065003,5956
1498065604,6088
1498066204,6063
1498066803,6165
1498067403,6142
1498068004,6256
1498068604,6481
1498069202,6382
1498069803,6458
1498070402,6474
1498071003,6635
1498071604,6786
1498072202,6858
1498072803,7038
1498073403,7286
1498074002,7101
1498074603,7202
1498075202,7500
1498075802,7440
1498076402,7249
1498077002,7417
1498077603,7575
1498078203,7413
1498078802,7639
1498079403,7377
1498080002,7764
1498080602,7650
1498081203,7714
1498081803,7639
1498082404,7522
1498083002,7135
1498083603,7113
1498084203,6952
1498084803,6539
1498085402,6540
1498086003,6211
1498086602,6186
1498087203,5935
1498087803,6007
1498088403,5930
1498089003,5690
1498089603,5670
1498090202,5687
1498090804,5719
1498091402,5739
1498092003,5603
1498092604,5512
1498093203,5662
1498093804,5610
1498094403,5537
1498095004,5508
1498095603,5534
1498096203,5468
1498096804,5397
1498097402,5413
1498098003,5522
1498098605,5479
1498099202,5581
1498099804,5537
1498100402,5431
1498101004,5452
1498101602,5393
1498102203,5314
1498102802,5350
1498103402,5341
1498104004,5330
1498104603,5330
1498105203,5320
1498105803,5338
1498106403,5320
1498107002,5297
1498107603,5322
1498108204,5331
1498108803,5318
1498109403,5320
1498110003,5340
1498110603,5347
1498111203,5333
1498111804,5297
1498112403,5288
1498113005,5305
1498113605,5307
1498114203,5294
1498114806,5220
1498115405,5254
1498116004,5387
1498116606,5177
1498117204,5231
1498117806,5216
1498118402,5249
1498119003,5249
1498119604,5370
1498120204,5245
1498120804,5279
1498121404,5200
1498122003,5190
1498122602,5170
1498123203,5124
1498123803,5199
1498124404,5330
1498125003,5317
1498125605,5431
1498126203,5212
1498126804,5269
1498127402,5282
1498128003,5314
1498128603,5398
1498129204,5417
1498129803,5416
1498130402,5549
1498131004,5750
1498131603,5970
1498132203,6145
1498132803,6259
1498133404,6331
1498134003,6465
1498134603,6498
1498135203,6050
1498135802,6485
1498136403,6718
1498137003,6465
1498137603,6246
1498138204,6244
1498138803,6331
1498139403,6151
1498140003,6138
1498140602,6234
1498141203,6115
1498141803,6125
1498142402,6154
1498143003,6025
1498143603,6269
1498144202,6282
1498144803,6155
1498145404,6093
1498146004,6032
1498146602,6470
1498147204,6386
1498147802,6422
1498148402,6344
1498149004,6430
1498149604,6536
1498150203,6487
1498150804,6439
1498151402,6346
1498152003,6166
1498152602,6225
1498153203,6389
1498153803,6478
1498154404,6455
1498155004,6614
1498155603,6751
1498156202,6866
1498156803,6690
1498157402,6906
1498158003,6843
1498158603,7163
1498159202,7113
1498159803,7248
1498160402,7376
1498161002,8075
1498161602,7605
1498162204,7995
1498162802,7821
1498163404,7640
1498164003,7790
1498164602,7859
1498165202,7992
1498165803,7923
1498166402,7625
1498167004,7856
1498167602,7744
1498168203,7498
1498168803,7474
1498169402,7114
1498170003,7228
1498170605,7067
1498171202,7077
1498171803,6953
1498172403,6653
1498173002,6512
1498173603,6303
1498174203,6135
1498174802,6071
1498175403,5833
1498176003,5835
1498176602,5675
1498177203,5650
1498177803,5682
1498178402,5658
1498179004,5787
1498179602,5644
1498180203,5605
1498180803,5616
1498181403,5678
1498182002,5600
1498182602,5695
1498183203,5668
1498183803,5613
1498184402,5663
1498185005,5705
1498185602,5840
1498186204,5750
1498186802,5661
1498187403,5661
1498188003,5673
1498188602,5661
1498189203,5713
1498189802,5637
1498190404,5556
1498191004,5567
1498191602,5610
1498192203,5566
1498192804,5507
1498193403,5517
1498194004,5447
1498194603,5366
1498195202,5393
1498195804,5405
1498196404,5406
1498197003,5350
1498197604,5380
1498198203,5346
1498198803,5381
1498199403,5374
1498200003,5382
1498200603,5415
1498201804,5340
1498202404,5230
1498203006,5170
1498203605,5227
1498204203,5290
1498204804,5221
1498205404,5243
1498206003,5355
1498206603,5156
1498207203,5274
1498207802,5251
1498208402,5330
1498209003,5174
1498209603,5180
1498210204,5251
1498210804,5286
1498211402,5366
1498212003,5136
1498212603,5219
1498213203,5249
1498213805,5434
1498214403,5334
1498215003,5505
1498215602,5580
1498216204,5678
1498216802,5694
1498217403,5815
1498218002,6141
1498218602,6020
1498219203,6018
1498219803,6120
1498220402,6178
1498221002,6225
1498221602,6118
1498222203,6029
1498222802,6067
1498223402,6115
1498224003,6110
1498224603,6126
1498225203,6195
1498225803,6116
1498226403,6025
1498227003,6054
1498227602,6176
1498228203,5914
1498228802,6022
1498229403,6218
1498230002,6329
1498230602,6238
1498231202,6313
1498231803,6450
1498232402,6531
1498233004,6391
1498233604,6535
1498234204,6442
1498234803,6448
1498235405,6366
1498236002,6434
1498236603,6481
1498237204,6574
1498237802,6679
1498238403,6661
1498239004,6784
1498239602,6983
1498240202,7266
1498240802,6952
1498241403,7435
1498242003,7482
1498242604,7627
1498243202,7807
1498243803,7834
1498244403,7952
1498245003,7850
1498245602,8369
1498246203,8435
1498246802,8653
1498247402,8683
1498248002,8936
1498248603,8470
1498249202,8702
1498249802,8524
1498250403,8335
1498251003,8371
1498251603,8190
1498252202,7974
1498252803,8188
1498253403,8433
1498254003,7631
1498254603,7622
1498255202,7816
1498255803,7500
1498256402,7547
1498257003,7299
1498257602,7067
1498258203,6849
1498258802,6631
1498259403,6654
1498260003,6602
1498260603,6501
1498261202,6310
1498261803,6126
1498262403,6004
1498263002,6182
1498263602,6004
1498264204,6001
1498264803,6022
1498265402,5952
1498266003,5905
1498266603,5843
1498267202,5871
1498267804,5774
1498268403,5632
1498269004,5578
1498269603,5656
1498270203,5569
1498270803,5530
1498271405,5695
1498272004,5679
1498272603,5683
1498273203,5730
1498273804,5767
1498274402,5592
1498275003,5591
1498275603,5597
1498276204,5415
1498276802,5403
1498277403,5322
1498278005,5303
1498278604,5372
1498279204,5400
1498279804,5382
1498280404,5327
1498281004,5284
1498281604,5356
1498282204,5326
1498282805,5322
1498283403,5354
1498284004,5399
1498284604,5380
1498285202,5319
1498285804,5311
1498286403,5377
1498287005,5412
1498287604,5394
1498288203,5430
1498288804,5463
1498289404,5354
1498290005,5330
1498290604,5314
1498291203,5314
1498291803,5283
1498292402,5275
1498293003,5276
1498293603,5301
1498294203,5294
1498294804,5290
1498295404,5205
1498296003,5196
1498296603,5162
1498297203,5130
1498297804,5118
1498298403,5120
1498299003,5145
1498299603,5138
1498300203,5192
1498300803,5305
1498301403,5378
1498302005,5388
1498302602,5508
1498303203,5669
1498303804,5571
1498304403,5618
1498305004,5727
1498305602,5784
1498306202,5880
1498306802,5890
1498307403,5906
1498308003,5928
1498308603,5908
1498309203,5825
1498309803,5808
1498310402,5826
1498311003,5812
1498311602,5763
1498312203,5733
1498312802,5787
1498313404,5689
1498314002,5906
1498314604,6031
1498315203,6014
1498315803,6027
1498316403,5984
1498317003,5968
1498317604,6019
1498318202,6181
1498318803,6345
1498319404,6417
1498320002,6357
1498320603,6286
1498321203,6395
1498321803,6367
1498322402,6463
1498323002,6552
1498323602,6591
1498324203,6620
1498324803,6566
1498325404,6568
1498326002,6507
1498326603,6461
1498327202,6523
1498327802,6394
1498328403,6497
1498329003,6589
1498329602,6571
1498330204,6509
1498330802,6479
1498331403,6524
1498332002,6542
1498332602,6623
1498333202,6802
1498333801,6734
1498334403,6837
1498335002,6779
1498335603,6610
1498336204,6616
1498336803,6511
1498337402,6564
1498338002,6509
1498338603,6452
1498339203,6491
1498339803,6561
1498340403,6475
1498341003,6429
1498341602,6461
1498342203,6305
1498342803,6165
1498343403,6188
1498344002,6011
1498344603,5811
1498345204,5709
1498345803,5679
1498346402,5808
1498347002,5658
1498347603,5662
1498348203,5709
1498348804,5606
1498349402,5683
1498350002,5648
1498350603,5605
1498351202,5528
1498351802,5568
1498352402,5641
1498353002,5495
1498353603,5584
1498354205,5504
1498354802,5589
1498355403,5513
1498356004,5630
1498356603,5608
1498357203,5477
1498357804,5578
1498358403,5489
1498359004,5555
1498359603,5475
1498360204,5577
1498360803,5587
1498361404,5755
1498362004,5550
1498362602,5506
1498363204,5553
1498363802,5571
1498364404,5637
1498365003,5544
1498365602,5439
1498366203,5550
1498366802,5552
1498367402,5559
1498368003,5492
1498368602,5348
1498369203,5252
1498369804,5325
1498370403,5437
1498371003,5249
1498371603,5426
1498372205,5273
1498372803,5430
1498373403,5165
1498374004,5383
1498374603,5194
1498375202,5156
1498375804,5166
1498376402,5176
1498377002,5163
1498377603,5205
1498378204,5276
1498378803,5164
1498379403,5133
1498380003,5137
1498380603,5090
1498381203,5075
1498381803,5027
1498382402,4998
1498383003,4927
1498383602,4906
1498384202,4955
1498384803,4981
1498385403,5083
1498386002,4945
1498386605,4916
1498387203,4947
1498387802,5114
1498388404,4979
1498389004,4979
1498389602,4952
1498390204,4965
1498390802,5066
1498391403,5047
1498392002,5056
1498392603,5107
1498393202,5158
1498393803,5260
1498394402,5289
1498395003,5288
1498395603,5343
1498396202,5377
1498396803,5431
1498397404,5370
1498398003,5375
1498398602,5420
1498399204,5475
1498399803,5546
1498400403,5567
1498401002,5641
1498401602,5648
1498402203,5743
1498402804,5781
1498403402,5785
1498404002,5857
1498404604,5954
1498405203,6180
1498405803,6296
1498406405,6036
1498407003,6115
1498407603,6155
1498408202,5916
1498408802,6052
1498409403,6274
1498410006,6296
1498410603,6347
1498411203,6330
1498411802,6219
1498412404,6137
1498413002,6162
1498413604,6222
1498414203,6301
1498414803,6388
1498415404,6299
1498416002,6366
1498416602,6395
1498417204,6299
1498417802,6233
1498418403,6213
1498419003,6283
1498419603,6263
1498420202,6211
1498420803,6252
1498421403,6192
1498422003,6169
1498422602,6221
1498423203,6096
1498423804,6112
1498424405,5884
1498425002,5827
1498425602,5805
1498426204,5881
1498426803,5809
1498427404,6026
1498428002,5977
1498428602,5872
1498429203,6036
1498429804,6137
1498430403,6070
1498431003,6081
1498431604,6031
1498432204,5834
1498432802,5695
1498433404,5665
1498434003,5613
1498434603,5562
1498435203,5560
1498435803,5645
1498436403,5575
1498437003,5557
1498437602,5570
1498438203,5528
1498438804,5576
1498439402,5763
1498440004,5635
1498440604,5666
1498441203,5568
1498441803,5620
1498442404,5579
1498443004,5694
1498443602,5615
1498444204,5419
1498444803,5430
1498445403,5403
1498446004,5339
1498446602,5414
1498447202,5408
1498447804,5504
1498448403,5626
1498449002,5566
1498449604,5358
1498450204,5403
1498450804,5271
1498451403,5280
1498452003,5279
1498452604,5234
1498453204,5210
1498453804,5141
1498454403,5222
1498455004,5224
1498455603,5132
1498456205,5120
1498456804,5084
1498457404,5171
1498458004,5116
1498458603,5137
1498459204,5130
1498459804,5254
1498460404,5211
1498461004,5171
1498461604,5210
1498462205,5165
1498462803,5192
1498463404,5154
1498464002,5139
1498464603,5087
1498465203,5077
1498465804,5024
1498466404,5037
1498467003,5021
1498467603,4992
1498468203,5044
1498468803,5138
1498469404,5122
1498470002,5109
1498470603,5077
1498471203,5143
1498471803,5254
1498472403,5321
1498473003,5349
1498473603,5326
1498474202,5384
1498474802,5400
1498475403,5497
1498476003,5780
1498476604,5800
1498477202,5826
1498477803,5690
1498478404,5637
1498479002,5735
1498479602,5886
1498480203,6103
1498480803,6183
1498481402,6140
1498482004,6348
1498482602,6178
1498483203,6221
1498484403,5811
1498485002,5749
1498485604,5700
1498486204,6038
1498486803,5924
1498487403,5943
1498488003,5953
1498488602,5956
1498489205,5916
1498489804,5867
1498490404,5918
1498491002,5960
1498491604,5951
1498492203,6141
1498492803,6102
1498493403,6096
1498494003,6238
1498494603,6327
1498495203,6440
1498495803,6327
1498496403,6282
1498497003,6425
1498497603,6372
1498498205,6204
1498498804,6080
1498499404,6009
1498500003,6117
1498500603,6090
1498501202,6220
1498501803,6175
1498502403,6111
1498503002,6361
1498503603,6721
1498504204,6760
1498504803,6765
1498505402,6873
1498506003,6762
1498506602,7164
1498507203,7007
1498507803,6923
1498508402,7104
1498509003,7174
1498509603,6992
1498510201,7105
1498510803,6969
1498511402,6964
1498512003,7023
1498512603,6844
1498513202,6749
1498513802,6838
1498514403,6674
1498515003,6399
1498515602,6199
1498516204,5956
1498516802,6007
1498517402,5912
1498518003,5687
1498518602,5557
1498519203,5470
1498519803,5499
1498520404,5464
1498521003,5435
1498521602,5448
1498522203,5537
1498522802,5472
1498523403,5470
1498524003,5379
1498524604,5389
1498525203,5428
1498525803,5472
1498526403,5488
1498527005,5336
1498527603,5420
1498528204,5369
1498528805,5430
1498529404,5577
1498530004,5383
1498530604,5583
1498531204,5268
1498531803,5378
1498532404,5459
1498533002,5497
1498533602,5385
1498534203,5335
1498534803,5374
1498535403,5323
1498536003,5328
1498536602,5389
1498537203,5440
1498537803,5517
1498538402,5538
1498539003,5436
1498539603,5376
1498540202,5373
1498540804,5309
1498541406,5264
1498542003,5347
1498542604,5311
1498543204,5360
1498543802,5322
1498544403,5277
1498545004,5293
1498545605,5336
1498546204,5340
1498546802,5429
1498547404,5389
1498548005,5267
1498548604,5238
1498549203,5414
1498549805,5235
1498550405,5261
1498551004,5311
1498551604,5197
1498552204,5379
1498552802,5247
1498553403,5217
1498554004,5274
1498554603,5245
1498555202,5282
1498555805,5377
1498556403,5378
1498557004,5421
1498557602,5301
1498558202,5297
1498558803,5329
1498559404,5285
1498560003,5341
1498560604,5425
1498561202,5387
1498561803,5500
1498562404,5567
1498563003,5637
1498563602,5565
1498564203,5686
1498564802,5907
1498565402,5837
1498566003,6032
1498566604,5989
1498567203,6213
1498567802,6631
1498568403,6673
1498569003,6552
1498569602,6233
1498570202,6164
1498570803,6100
1498571403,6073
1498572003,5949
1498572602,6117
1498573203,6030
1498573803,6081
1498574403,6057
1498575002,5978
1498575602,6092
1498576203,6237
1498576803,6135
1498577403,6202
1498578003,6167
1498578605,5992
1498579203,6060
1498579804,6149
1498580403,5938
1498581004,5926
1498581603,6082
1498582202,5979
1498582803,6106
1498583402,6039
1498584004,6034
1498584603,5928
1498585202,6039
1498585804,6068
1498586403,6111
1498587003,6323
1498587603,6167
1498588202,6364
1498588802,6365
1498589403,6282
1498590003,6400
1498590603,6279
1498591203,6433
1498591803,6713
1498592403,7177
1498593003,7065
1498593602,7442
1498594202,7100
1498594803,7292
1498595403,7250
1498596002,7295
1498596602,7320
1498597203,7260
1498597803,7229
1498598402,7193
1498599002,7185
1498599603,6924
1498600202,6863
1498600803,6831
1498601402,6591
1498602003,6331
1498602603,6381
1498603202,6229
1498603802,6192
1498604402,6096
1498605003,5995
1498605603,6017
1498606203,5945
1498606802,5812
1498607403,5846
1498608003,5715
1498608603,5728
1498609202,5613
1498609803,5583
1498610403,5604
1498611004,5633
1498611602,5591
1498612202,5583
1498612803,5564
1498613404,5645
1498614003,5572
1498614604,5576
1498615204,5455
1498615804,5358
1498616403,5604
1498617003,5652
1498617604,5564
1498618203,5456
1498618803,5597
1498619404,5624
1498620002,5577
1498620602,5614
1498621203,5549
1498621802,5592
1498622403,5666
1498623003,5592
1498623602,5642
1498624205,5558
1498624802,5554
1498625404,5509
1498626003,5468
1498626603,5410
1498627205,5374
1498627802,5331
1498628403,5306
1498629002,5346
1498629606,5322
1498630204,5387
1498630804,5274
1498631405,5230
1498632004,5218
1498632604,5225
1498633204,5203
1498633803,5331
1498634404,5299
1498635004,5194
1498635603,5344
1498636204,5339
1498636806,5324
1498637403,5254
1498638005,5298
1498638605,5181
1498639204,5177
1498639805,5135
1498640404,5144
1498641003,5364
1498641603,5116
1498642204,5301
1498642805,5166
1498643403,5285
1498644004,5200
1498644604,5226
1498645203,5212
1498645804,5288
1498646403,5313
1498647005,5381
1498647604,5519
1498648204,5606
1498648803,5735
1498649403,6034
1498650003,5961
1498650604,6075
1498651203,6010
1498651803,5967
1498652403,6152
1498653004,6218
1498653603,6385
1498654203,6507
1498654806,6576
1498655403,6157
1498656004,6119
1498656603,6256
1498657204,6056
1498657803,6110
1498658404,5931
1498659003,5899
1498659602,5989
1498660205,5930
1498660803,6253
1498661404,5907
1498662003,5932
1498662604,5903
1498663203,5772
1498663804,5878
1498664403,5812
1498665003,6182
1498665605,6193
1498666204,6220
1498666804,6079
1498667404,6468
1498668003,6248
1498668604,6325
1498669203,6368
1498669803,6468
1498670403,6482
1498671004,6445
1498671603,6335
1498672202,6316
1498672804,6539
1498673403,6474
1498674002,6605
1498674603,6559
1498675202,6624
1498675803,6695
1498676403,6704
1498677003,7132
1498677603,7295
1498678204,7237
1498678802,7670
1498679403,7519
1498680003,7482
1498680602,7276
1498681203,7580
1498681802,7550
1498682403,7469
1498683003,7491
1498683603,7626
1498684203,7545
1498684803,7946
1498685403,7889
1498686002,7843
1498686603,7807
1498687204,7725
1498687803,7564
1498688402,7471
1498689003,7469
1498689603,6908
1498690203,6685
1498690804,6532
1498691403,6373
1498692003,6253
1498692602,6015
1498693203,6050
1498693803,5914
1498694403,5910
1498695002,5879
1498695603,5903
1498696203,5815
1498696803,5788
1498697403,5715
1498698005,5849
1498698603,5804
1498699203,5686
1498699804,5665
1498700404,5711
1498701004,5636
1498701603,5551
1498702204,5530
1498702804,5549
1498703406,5461
1498704003,5368
1498704603,5702
1498705204,5571
1498705804,5339
1498706403,5482
1498707003,5417
1498707603,5408
1498708203,5357
1498708804,5292
1498709404,5336
1498710003,5419
1498710603,5367
1498711203,5345
1498711802,5360
1498712405,5389
1498713003,5394
1498713603,5353
1498714204,5338
1498714804,5280
1498715403,5340
1498716004,5328
1498716604,5319
1498717203,5326
1498717805,5373
1498718403,5279
1498719003,5318
1498719604,5224
1498720203,5241
1498720803,5264
1498721404,5268
1498722004,5210
1498722603,5195
1498723204,5200
1498723804,5158
1498724402,5112
1498725004,5183
1498725603,5166
1498726203,5045
1498726803,5089
1498727402,5161
1498728002,5174
1498728604,5193
1498729204,5196
1498729803,5164
1498730402,5120
1498731002,5214
1498731604,5282
1498732204,5301
1498732804,5370
1498733403,5405
1498734004,5483
1498734605,5501
1498735204,5771
1498735803,5804
1498736404,5811
1498737004,5955
1498737604,6193
1498738204,6592
1498738804,6565
1498739403,6472
1498740004,6326
1498740602,6565
1498741203,6354
1498741805,6173
1498742405,6181
1498743003,6113
1498743604,6187
1498744204,6384
1498744805,6407
1498745403,6187
1498746003,6290
1498746603,6275
1498747204,6114
1498747803,6124
1498748405,5912
1498749004,5879
1498749605,6057
1498750205,6087
1498750803,6183
1498751404,6279
1498752005,6212
1498752604,6134
1498753205,6206
1498753803,6315
1498754405,6258
1498755004,6205
1498755605,6252
1498756205,6391
1498756803,6404
1498757404,6332
1498758003,6477
1498758604,6451
1498759205,6593
1498759804,6711
1498760404,6928
1498761002,6727
1498761604,7025
1498762203,7152
1498762803,7217
1498763403,7546
1498764003,7541
1498764603,7576
1498765203,7872
1498765802,7901
1498766402,7797
1498767003,7908
1498767603,8297
1498768202,8081
1498768803,7875
1498769404,8087
1498770002,7813
1498770603,7698
1498771203,7666
1498771803,7862
1498772403,7877
1498773003,7995
1498773603,8293
1498774204,8172
1498774802,8035
1498775403,7601
1498776002,7591
1498776603,7326
1498777202,7181
1498777802,7128
1498778402,6693
1498779004,6508
1498779603,6530
1498780203,6492
1498780803,6508
1498781403,6411
1498782003,6368
1498782602,6181
1498783203,5992
1498783802,5985
1498784403,6052
1498785003,6055
1498785604,5999
1498786203,5948
1498786803,5930
1498787402,5815
1498788002,5896
1498788603,5931
1498789204,5981
1498789804,5903
1498790404,5864
1498791002,5825
1498791603,5985
1498792203,5649
1498792803,5839
1498793402,5964
1498794003,6112
1498794602,5768
1498795202,5750
1498795805,5616
1498796404,5672
1498797003,5629
1498797604,5556
1498798204,5570
1498798803,5454
1498799404,5401
1498800003,5366
1498800603,5389
1498801205,5344
1498801803,5390
1498802404,5449
1498803004,5476
1498803604,5456
1498804204,5494
1498804803,5455
1498805403,5499
1498806004,5285
1498806604,5447
1498807203,5387
1498807804,5407
1498808405,5279
1498809004,5428
1498809605,5388
1498810203,5386
1498810804,5433
1498811404,5241
1498812003,5359
1498812602,5305
1498813204,5360
1498813804,5365
1498814404,5306
1498815003,5255
1498815603,5293
1498816203,5417
1498817404,5426
1498818005,5473
1498818605,5588
1498819203,5474
1498819804,5425
1498820404,5604
1498821003,5797
1498821602,5888
1498822203,5851
1498822802,5980
1498823404,5748
1498824002,5781
1498824603,5821
1498825203,5916
1498825804,6030
1498826403,6136
1498827003,6148
1498827604,6146
1498828204,6169
1498828802,6174
1498829404,5971
1498830003,5967
1498830603,6093
1498831204,6178
1498831804,6540
1498832403,6452
1498833004,6326
1498833603,6306
1498834203,6389
1498834805,6381
1498835403,6496
1498836003,6555
1498836603,6803
1498837203,6516
1498837803,6477
1498838404,6576
1498839003,6546
1498839603,6772
1498840205,6583
1498840803,6498
1498841403,6756
1498842003,6820
1498842603,6942
1498843203,7000
1498843803,6961
1498844403,7477
1498845002,7615
1498845602,7600
1498846203,7505
1498846803,7404
1498847403,7515
1498848002,7601
1498848603,7621
1498849203,7407
1498849803,7795
1498850402,8234
1498851003,8127
1498851603,8118
1498852202,8179
1498852803,8050
1498853403,8049
1498854003,7925
1498854603,7962
1498855202,7957
1498855803,7879
1498856402,7651
1498857003,7382
1498857603,7180
1498858204,7152
1498858802,6785
1498859403,6822
1498860004,6608
1498860603,6563
1498861203,6434
1498861803,6318
1498862403,6485
1498863003,6252
1498863603,6122
1498864202,5988
1498864804,5944
1498865403,5936
1498866002,5896
1498866603,5807
1498867203,5747
1498867804,5868
1498868402,5699
1498869003,5622
1498869603,5603
1498870202,5629
1498870804,5676
1498871404,5627
1498872003,5644
1498872602,5650
1498873203,5625
1498873804,5675
1498874403,5649
1498875002,5745
1498875603,5641
1498876202,5619
1498876804,5638
1498877403,5527
1498878004,5591
1498878603,5604
1498879202,5500
1498879803,5435
1498880402,5505
1498881002,5537
1498881603,5525
1498882203,5496
1498882803,5401
1498883404,5417
1498884003,5342
1498884603,5285
1498885204,5353
1498885804,5383
1498886403,5348
1498887002,5320
1498887604,5361
1498888203,5399
1498888804,5307
1498889402,5318
1498890004,5356
1498890604,5341
1498891203,5327
1498891803,5275
1498892405,5290
1498893004,5334
1498893603,5305
1498894205,5315
1498894804,5338
1498895403,5287
1498896003,5273
1498896602,5415
1498897203,5225
1498897803,5193
1498898403,5157
1498899004,5201
1498899604,5179
1498900202,5114
1498900802,5106
1498901404,5093
1498902003,5031
1498902603,4979
1498903203,5027
1498903804,5063
1498904404,5067
1498905003,5130
1498905603,5110
1498906204,5144
1498906803,5122
1498907402,5242
1498908003,5264
1498908603,5307
1498909203,5316
1498909803,5408
1498910404,5400
1498911004,5367
1498911603,5388
1498912206,5509
1498912802,5571
1498913403,5590
1498914005,5689
1498914604,5722
1498915203,5997
1498915803,5975
1498916404,5797
1498917004,5765
1498917603,6115
1498918203,6197
1498918803,6005
1498919402,6111
1498927803,6820
1498928402,6820
1498929002,6945
1498929602,6812
1498930203,6918
1498930803,6680
1498931402,6516
1498932003,6585
1498932602,6459
1498933202,6530
1498933801,6545
1498934402,6436
1498935002,6402
1498935601,6350
1498936202,6444
1498936801,6385
1498937402,6434
1498938001,6314
1498938602,6329
1498939203,6193
1498939802,6229
1498940402,6281
1498941001,6329
1498941603,6169
1498942203,5982
1498942802,5879
1498943402,5798
1498944002,5865
1498944601,5722
1498945203,5638
1498945802,5652
1498946404,5597
1498947002,5571
1498947603,5461
1498948203,5586
1498948802,5651
1498949401,5592
1498950004,5644
1498950601,5628
1498951203,5764
1498951803,5810
1498952402,5786
1498953001,5838
1498953603,5776
1498954201,5776
1498954803,5775
1498955403,5593
1498956001,5656
1498956602,5552
1498957201,5571
1498957803,5496
1498958401,5561
1498959002,5515
1498959601,5724
1498960201,5560
1498960803,5534
1498961401,5544
1498962001,5442
1498962603,5435
1498963202,5422
1498963802,5406
1498964403,5450
1498965001,5348
1498965602,5440
1498966202,5411
1498966803,5443
1498967402,5406
1498968003,5388
1498968601,5356
1498969202,5267
1498969803,5291
1498970401,5272
1498971002,5256
1498971602,5180
1498972201,5212
1498972801,5231
1498973403,5284
1498974002,5272
1498974602,5229
1498975203,5395
1498975801,5389
1498976401,5265
1498977003,5227
1498977601,5276
1498978202,5173
1498978804,5172
1498979402,5175
1498980001,5278
1498980603,5239
1498981202,5184
1498981803,5154
1498982403,5202
1498983003,5321
1498983602,5170
1498984202,5183
1498984802,5082
1498985401,5075
1498986004,5097
1498986603,5067
1498987203,4976
1498987801,4983
1498988401,4919
1498989001,4954
1498989602,4953
1498990202,5001
1498990802,4886
1498991403,5049
1498992002,5016
1498992602,4966
1498993203,5056
1498993801,5022
1498994402,5006
1498995004,5069
1498995602,5136
1498996202,5134
1498996802,5247
1498997402,5167
1498998002,5261
1498998603,5233
1498999203,5323
1498999802,5310
1499000404,5283
1499001003,5322
1499001603,5349
1499002204,5356
1499002801,5382
1499003402,5435
1499004002,5421
1499004603,5455
1499005201,5575
1499005803,5678
1499006402,5554
1499007003,5566
1499007602,5624
1499008201,5614
1499008803,5652
1499009403,5656
1499010002,5623
1499010602,5639
1499011203,5665
1499011803,5691
1499012402,5619
1499013001,5687
1499013601,5730
1499014202,5819
1499014803,5888
1499015402,5796
1499016003,5826
1499016603,5852
1499017202,5877
1499017802,5810
1499018404,5861
1499019002,5813
1499019601,5788
1499020203,5747
1499020801,5765
1499021402,5781
1499022001,5773
1499022601,5945
1499023202,5684
1499023804,5622
1499024401,5634
1499025003,5638
1499025603,5743
1499026202,5742
1499026802,5695
1499027403,5743
1499028003,5908
1499028602,5830
1499029203,5658
1499029802,5583
1499030401,5530
1499031001,5462
1499031602,5538
1499032201,5422
1499032801,5396
1499033401,5388
1499034002,5366
1499034602,5369
1499035201,5402
1499035803,5447
1499036403,5418
1499037001,5480
1499037602,5433
1499038204,5468
1499038803,5493
1499039403,5514
1499040003,5483
1499040601,5495
1499041203,5426
1499041803,5524
1499042402,5433
1499043003,5421
1499043603,5387
1499044201,5383
1499044803,5413
1499045402,5456
1499046002,5414
1499046601,5447
1499047202,5419
1499047801,5491
1499048401,5392
1499049003,5381
1499049602,5371
1499050201,5384
1499050804,5344
1499051401,5268
1499052002,5261
1499052601,5271
1499053201,5354
1499053802,5291
1499054404,5236
1499055002,5297
1499055601,5289
1499056203,5341
1499056802,5247
1499057401,5254
1499058002,5218
1499058601,5233
1499059201,5171
1499059801,5216
1499060403,5170
1499061002,5179
1499061604,5244
1499062202,5243
1499062801,5168
1499063401,5157
1499064002,5206
1499064601,5265
1499065204,5236
1499065802,5210
1499066402,5172
1499067001,5241
1499067603,5187
1499068201,5154
1499068802,5175
1499069401,5142
1499070002,5219
1499070603,5111
1499071201,5161
1499071802,5106
1499072404,5043
1499073002,5085
1499073603,5106
1499074203,5098
1499074802,5088
1499075401,5113
1499076003,5114
1499076603,5127
1499077202,5171
1499077803,5211
1499078402,5237
1499079003,5422
1499079603,5379
1499080201,5308
1499080803,5281
1499081402,5398
1499082003,5364
1499082603,5336
1499083204,5340
1499083802,5416
1499084403,5433
1499085003,5403
1499085603,5429
1499086202,5423
1499086802,5434
1499087402,5470
1499088001,5489
1499088603,5562
1499089202,5645
1499089803,5616
1499090402,5583
1499091002,5512
1499091603,5591
1499092203,5593
1499092801,5565
1499093401,5685
1499094001,5825
1499094602,5740
1499095201,5845
1499095804,5875
1499096401,5829
1499097002,5868
1499097603,5896
1499098201,5944
1499098802,5990
1499099403,6077
1499100002,6062
1499100601,5885
1499101203,5801
1499101803,5703
1499102402,5872
1499103004,5875
1499103602,5850
1499104203,5734
1499104801,5742
1499105402,5785
1499106001,5848
1499106601,6025
1499107202,5767
1499107801,5847
1499108403,6045
1499109002,6170
1499109602,6302
1499110203,6420
1499110803,6161
1499111403,6525
1499112004,6412
1499112603,6296
1499113203,6250
1499113801,6238
1499114402,6223
1499115001,6300
1499115601,6166
1499116201,5965
1499116802,5851
1499117402,5796
1499118002,5659
1499118603,5609
1499119201,5599
1499119801,5607
1499120402,5559
1499121002,5494
1499121601,5515
1499122201,5448
1499122801,5499
1499123402,5473
1499124001,5439
1499124603,5462
1499125202,5393
1499125802,5420
1499126401,5384
1499127002,5389
1499127601,5368
1499128203,5380
1499128803,5340
1499129402,5414
1499130003,5348
1499130603,5409
1499131201,5434
1499131804,5353
1499132402,5365
1499133003,5419
1499133601,5627
1499134201,5403
1499134803,5569
1499135401,5551
1499136003,5352
1499136603,5444
1499137204,5405
1499137802,5472
1499138402,5425
1499139003,5369
1499139602,5312
1499140203,5275
1499140803,5328
1499141403,5327
1499142002,5343
1499142603,5295
1499143201,5376
1499143802,5213
1499144403,5261
1499145003,5267
1499145603,5235
1499146203,5218
1499146803,5258
1499147401,5261
1499148004,5339
1499148602,5349
1499149203,5279
1499149802,5237
1499150403,5260
1499151002,5188
1499151604,5268
1499152203,5206
1499152803,5263
1499153403,5283
1499154002,5155
1499154603,5182
1499155202,5254
1499155803,5193
1499156401,5201
1499157003,5133
1499157601,5113
1499158203,5121
1499158804,5163
1499159401,5162
1499160001,5143
1499160601,5161
1499161201,5135
1499161801,5156
1499162402,5141
1499163003,5147
1499163603,5157
1499164201,5210
1499164801,5165
1499165401,5241
1499166003,5301
1499166602,5270
1499167202,5327
1499167803,5435
1499168401,5382
1499169003,5223
1499169604,5197
1499170202,5218
1499170803,5124
1499171404,5188
1499172003,5193
1499172602,5198
1499173201,5159
1499173802,5296
1499174402,5212
1499175003,5200
1499175603,5258
1499176202,5256
1499176804,5301
1499177402,5241
1499178002,5239
1499178604,5302
1499179203,5370
1499179801,5378
1499180404,5372
1499181002,5514
1499181601,5517
1499182201,5529
1499182802,5545
1499183401,5376
1499184004,5407
1499184601,5502
1499185202,5466
1499185804,5460
1499186402,5420
1499187003,5445
1499187601,5486
